0,CSV,ref plus S=8 l=5.25,1000,6.4880,1001.2,20.1
0,CSV,ref w3 S=8 l=5,1000,5.7040,1092.4,11.6
0,CSV,PHast-R S=8 L=1024 R=4 d=1 l=4.75 u8,1000,6.0320,425.3,9.6
1,CSV,ref plus S=8 l=5.25,1000,6.3120,541.3,18.0
1,CSV,ref w3 S=8 l=5,1000,5.8080,434.8,14.9
1,CSV,PHast-R S=8 L=1024 R=4 d=1 l=4.75 u8,1000,5.9440,477.7,9.2
2,CSV,ref plus S=8 l=5.25,1000,6.4080,518.0,20.9
2,CSV,ref w3 S=8 l=5,1000,5.8240,420.7,14.8
2,CSV,PHast-R S=8 L=1024 R=4 d=1 l=4.75 u8,1000,5.9280,432.0,9.9
0,CSV,ref plus S=8 l=5.25,2000,4.6840,403.4,15.2
0,CSV,ref w3 S=8 l=5,2000,4.5560,402.0,12.8
0,CSV,PHast-R S=8 L=1024 R=4 d=1 l=4.75 u8,2000,4.2120,463.9,8.3
1,CSV,ref plus S=8 l=5.25,2000,4.6520,423.5,17.5
1,CSV,ref w3 S=8 l=5,2000,4.4840,371.7,14.7
1,CSV,PHast-R S=8 L=1024 R=4 d=1 l=4.75 u8,2000,4.2480,492.8,9.2
2,CSV,ref plus S=8 l=5.25,2000,4.6080,389.8,14.9
2,CSV,ref w3 S=8 l=5,2000,4.4920,632.4,16.7
2,CSV,PHast-R S=8 L=1024 R=4 d=1 l=4.75 u8,2000,4.2160,421.4,8.8
0,CSV,ref plus S=8 l=5.25,3000,3.9760,327.0,13.8
0,CSV,ref w3 S=8 l=5,3000,3.8907,565.5,12.8
0,CSV,PHast-R S=8 L=1024 R=4 d=1 l=4.75 u8,3000,3.5600,333.3,10.1
1,CSV,ref plus S=8 l=5.25,3000,3.9653,342.6,15.8
1,CSV,ref w3 S=8 l=5,3000,3.8907,341.3,11.7
1,CSV,PHast-R S=8 L=1024 R=4 d=1 l=4.75 u8,3000,3.6400,399.0,7.7
2,CSV,ref plus S=8 l=5.25,3000,3.9253,313.5,14.6
2,CSV,ref w3 S=8 l=5,3000,3.9173,347.3,13.4
2,CSV,PHast-R S=8 L=1024 R=4 d=1 l=4.75 u8,3000,3.5680,363.6,7.6
0,CSV,ref plus S=8 l=5.25,5000,3.2768,255.7,11.8
0,CSV,ref w3 S=8 l=5,5000,3.2688,297.8,11.0
0,CSV,PHast-R S=8 L=1024 R=4 d=1 l=4.75 u8,5000,3.0400,282.9,11.6
1,CSV,ref plus S=8 l=5.25,5000,3.2992,256.6,13.1
1,CSV,ref w3 S=8 l=5,5000,3.2432,283.6,10.3
1,CSV,PHast-R S=8 L=1024 R=4 d=1 l=4.75 u8,5000,2.9648,256.3,6.8
2,CSV,ref plus S=8 l=5.25,5000,3.2560,261.1,12.1
2,CSV,ref w3 S=8 l=5,5000,3.3072,297.5,9.6
2,CSV,PHast-R S=8 L=1024 R=4 d=1 l=4.75 u8,5000,2.9696,250.4,7.5
0,CSV,ref plus S=8 l=5.25,7000,2.9737,228.9,13.3
0,CSV,ref w3 S=8 l=5,7000,2.9874,263.0,8.8
0,CSV,PHast-R S=8 L=1024 R=4 d=1 l=4.75 u8,7000,2.7074,240.3,6.4
1,CSV,ref plus S=8 l=5.25,7000,2.9703,220.4,11.6
1,CSV,ref w3 S=8 l=5,7000,2.9577,265.4,8.7
1,CSV,PHast-R S=8 L=1024 R=4 d=1 l=4.75 u8,7000,2.7314,243.4,6.9
2,CSV,ref plus S=8 l=5.25,7000,3.0034,224.3,9.1
2,CSV,ref w3 S=8 l=5,7000,2.9543,262.0,9.4
2,CSV,PHast-R S=8 L=1024 R=4 d=1 l=4.75 u8,7000,2.7314,224.0,6.5
0,CSV,ref plus S=8 l=5.25,10000,2.7128,193.1,9.2
0,CSV,ref w3 S=8 l=5,10000,2.7040,319.6,9.6
0,CSV,PHast-R S=8 L=1024 R=4 d=1 l=4.75 u8,10000,2.5176,247.9,6.4
1,CSV,ref plus S=8 l=5.25,10000,2.7424,335.8,11.0
1,CSV,ref w3 S=8 l=5,10000,2.6952,228.3,9.5
1,CSV,PHast-R S=8 L=1024 R=4 d=1 l=4.75 u8,10000,2.4880,218.2,6.0
2,CSV,ref plus S=8 l=5.25,10000,2.7456,210.4,12.1
2,CSV,ref w3 S=8 l=5,10000,2.6960,228.9,7.9
2,CSV,PHast-R S=8 L=1024 R=4 d=1 l=4.75 u8,10000,2.5176,232.0,5.9
0,CSV,ref plus S=8 l=5.25,20000,2.4912,168.0,10.0
0,CSV,ref w3 S=8 l=5,20000,2.3948,201.8,8.5
0,CSV,PHast-R S=8 L=1024 R=4 d=1 l=4.75 u8,20000,2.2640,202.7,6.8
1,CSV,ref plus S=8 l=5.25,20000,2.4732,171.7,9.5
1,CSV,ref w3 S=8 l=5,20000,2.3800,204.0,7.9
1,CSV,PHast-R S=8 L=1024 R=4 d=1 l=4.75 u8,20000,2.2516,199.0,6.0
2,CSV,ref plus S=8 l=5.25,20000,2.4968,175.4,11.4
2,CSV,ref w3 S=8 l=5,20000,2.3804,200.0,8.8
2,CSV,PHast-R S=8 L=1024 R=4 d=1 l=4.75 u8,20000,2.2920,202.4,5.9
0,CSV,ref plus S=8 l=5.25,50000,2.3246,157.3,11.5
0,CSV,ref w3 S=8 l=5,50000,2.1722,177.2,8.8
0,CSV,PHast-R S=8 L=1024 R=4 d=1 l=4.75 u8,50000,2.1382,195.3,6.4
1,CSV,ref plus S=8 l=5.25,50000,2.3018,152.1,11.3
1,CSV,ref w3 S=8 l=5,50000,2.1798,189.6,9.2
1,CSV,PHast-R S=8 L=1024 R=4 d=1 l=4.75 u8,50000,2.1294,196.4,6.2
2,CSV,ref plus S=8 l=5.25,50000,2.3248,151.0,10.3
2,CSV,ref w3 S=8 l=5,50000,2.1819,172.8,8.0
2,CSV,PHast-R S=8 L=1024 R=4 d=1 l=4.75 u8,50000,2.1344,194.0,6.4
0,CSV,ref plus S=8 l=5.25,200000,2.1615,71.0,17.2
0,CSV,ref w3 S=8 l=5,200000,2.0367,128.8,16.6
0,CSV,PHast-R S=8 L=1024 R=4 d=1 l=4.75 u8,200000,1.9812,189.8,8.2
1,CSV,ref plus S=8 l=5.25,200000,2.1677,72.6,17.7
1,CSV,ref w3 S=8 l=5,200000,2.0289,121.6,17.7
1,CSV,PHast-R S=8 L=1024 R=4 d=1 l=4.75 u8,200000,1.9855,185.8,8.2
2,CSV,ref plus S=8 l=5.25,200000,2.1625,73.2,16.0
2,CSV,ref w3 S=8 l=5,200000,2.0298,122.5,14.7
2,CSV,PHast-R S=8 L=1024 R=4 d=1 l=4.75 u8,200000,1.9876,190.7,8.7
0,CSV,ref plus S=8 l=5.25,1000000,2.1328,70.7,29.1
0,CSV,ref w3 S=8 l=5,1000000,1.9827,120.0,41.1
0,CSV,PHast-R S=8 L=1024 R=4 d=1 l=4.75 u8,1000000,1.9425,123.1,22.1
1,CSV,ref plus S=8 l=5.25,1000000,2.1316,68.2,31.7
1,CSV,ref w3 S=8 l=5,1000000,1.9825,121.5,27.5
1,CSV,PHast-R S=8 L=1024 R=4 d=1 l=4.75 u8,1000000,1.9446,124.2,20.2
2,CSV,ref plus S=8 l=5.25,1000000,2.1286,67.6,33.5
2,CSV,ref w3 S=8 l=5,1000000,1.9829,119.3,24.6
2,CSV,PHast-R S=8 L=1024 R=4 d=1 l=4.75 u8,1000000,1.9420,119.8,21.2
0,CSV,ref plus S=8 l=5.25,10000000,2.1160,64.7,48.8
0,CSV,ref w3 S=8 l=5,10000000,1.9701,124.9,44.3
0,CSV,PHast-R S=8 L=1024 R=4 d=1 l=4.75 u8,10000000,1.9306,122.7,43.3
1,CSV,ref plus S=8 l=5.25,10000000,2.1174,64.5,47.3
1,CSV,ref w3 S=8 l=5,10000000,1.9698,119.9,47.2
1,CSV,PHast-R S=8 L=1024 R=4 d=1 l=4.75 u8,10000000,1.9306,121.6,36.7
2,CSV,ref plus S=8 l=5.25,10000000,2.1171,64.6,59.6
2,CSV,ref w3 S=8 l=5,10000000,1.9701,122.7,46.9
2,CSV,PHast-R S=8 L=1024 R=4 d=1 l=4.75 u8,10000000,1.9311,123.0,38.0
