0,CSV,PHast-R S=8 L=512 R=4 d=1 l=4.75 u8,700000,1.9568,121.9,18.4
0,CSV,PHast-R S=8 L=1024 R=4 d=1 l=4.75 u8,700000,1.9556,126.2,16.9
1,CSV,PHast-R S=8 L=512 R=4 d=1 l=4.75 u8,700000,1.9592,121.3,12.8
1,CSV,PHast-R S=8 L=1024 R=4 d=1 l=4.75 u8,700000,1.9555,128.4,15.0
2,CSV,PHast-R S=8 L=512 R=4 d=1 l=4.75 u8,700000,1.9542,120.9,13.4
2,CSV,PHast-R S=8 L=1024 R=4 d=1 l=4.75 u8,700000,1.9547,125.6,22.4
0,CSV,PHast-R S=8 L=512 R=4 d=1 l=4.75 u8,1000000,1.9522,119.7,21.4
0,CSV,PHast-R S=8 L=1024 R=4 d=1 l=4.75 u8,1000000,1.9489,124.8,20.9
1,CSV,PHast-R S=8 L=512 R=4 d=1 l=4.75 u8,1000000,1.9557,121.4,23.8
1,CSV,PHast-R S=8 L=1024 R=4 d=1 l=4.75 u8,1000000,1.9505,124.6,19.5
2,CSV,PHast-R S=8 L=512 R=4 d=1 l=4.75 u8,1000000,1.9539,121.1,19.8
2,CSV,PHast-R S=8 L=1024 R=4 d=1 l=4.75 u8,1000000,1.9488,124.3,20.1
0,CSV,PHast-R S=8 L=512 R=4 d=1 l=4.75 u8,1500000,1.9498,121.4,21.4
0,CSV,PHast-R S=8 L=1024 R=4 d=1 l=4.75 u8,1500000,1.9448,122.9,23.1
1,CSV,PHast-R S=8 L=512 R=4 d=1 l=4.75 u8,1500000,1.9491,116.8,22.2
1,CSV,PHast-R S=8 L=1024 R=4 d=1 l=4.75 u8,1500000,1.9448,122.8,21.8
2,CSV,PHast-R S=8 L=512 R=4 d=1 l=4.75 u8,1500000,1.9492,117.6,22.1
2,CSV,PHast-R S=8 L=1024 R=4 d=1 l=4.75 u8,1500000,1.9448,122.1,22.5
0,CSV,PHast-R S=8 L=512 R=4 d=1 l=4.75 u8,2000000,1.9465,117.7,25.1
0,CSV,PHast-R S=8 L=1024 R=4 d=1 l=4.75 u8,2000000,1.9405,120.5,23.5
1,CSV,PHast-R S=8 L=512 R=4 d=1 l=4.75 u8,2000000,1.9477,116.5,24.3
1,CSV,PHast-R S=8 L=1024 R=4 d=1 l=4.75 u8,2000000,1.9409,120.0,23.1
2,CSV,PHast-R S=8 L=512 R=4 d=1 l=4.75 u8,2000000,1.9456,117.3,23.8
2,CSV,PHast-R S=8 L=1024 R=4 d=1 l=4.75 u8,2000000,1.9421,121.1,23.8
0,CSV,PHast-R S=8 L=512 R=4 d=1 l=4.75 u8,3000000,1.9438,116.6,28.3
0,CSV,PHast-R S=8 L=1024 R=4 d=1 l=4.75 u8,3000000,1.9359,121.4,28.7
1,CSV,PHast-R S=8 L=512 R=4 d=1 l=4.75 u8,3000000,1.9432,122.0,27.4
1,CSV,PHast-R S=8 L=1024 R=4 d=1 l=4.75 u8,3000000,1.9362,124.5,27.1
2,CSV,PHast-R S=8 L=512 R=4 d=1 l=4.75 u8,3000000,1.9436,119.7,26.1
2,CSV,PHast-R S=8 L=1024 R=4 d=1 l=4.75 u8,3000000,1.9376,122.8,24.9
0,CSV,PHast-R S=8 L=512 R=4 d=1 l=4.75 u8,5000000,1.9412,118.3,34.7
0,CSV,PHast-R S=8 L=1024 R=4 d=1 l=4.75 u8,5000000,1.9338,125.5,32.1
1,CSV,PHast-R S=8 L=512 R=4 d=1 l=4.75 u8,5000000,1.9417,118.0,32.1
1,CSV,PHast-R S=8 L=1024 R=4 d=1 l=4.75 u8,5000000,1.9338,125.8,32.5
2,CSV,PHast-R S=8 L=512 R=4 d=1 l=4.75 u8,5000000,1.9431,117.2,35.4
2,CSV,PHast-R S=8 L=1024 R=4 d=1 l=4.75 u8,5000000,1.9331,124.2,33.1
