0,CSV,PHast-R S=8 L=32 R=4 d=1 l=4.75 u8,1000,6.0400,459.1,10.1
0,CSV,PHast-R S=8 L=64 R=4 d=1 l=4.75 u8,1000,6.0320,315.4,9.8
0,CSV,PHast-R S=8 L=128 R=4 d=1 l=4.75 u8,1000,6.1440,337.1,10.8
0,CSV,PHast-R S=8 L=256 R=4 d=1 l=4.75 u8,1000,6.2960,393.1,11.7
0,CSV,PHast-R S=8 L=512 R=4 d=1 l=4.75 u8,1000,6.2960,295.8,11.9
0,CSV,PHast-R S=8 L=1024 R=4 d=1 l=4.75 u8,1000,6.2880,308.0,11.2
1,CSV,PHast-R S=8 L=32 R=4 d=1 l=4.75 u8,1000,5.9360,428.7,9.1
1,CSV,PHast-R S=8 L=64 R=4 d=1 l=4.75 u8,1000,5.9440,336.0,9.2
1,CSV,PHast-R S=8 L=128 R=4 d=1 l=4.75 u8,1000,6.1680,345.3,10.0
1,CSV,PHast-R S=8 L=256 R=4 d=1 l=4.75 u8,1000,6.3840,255.7,11.5
1,CSV,PHast-R S=8 L=512 R=4 d=1 l=4.75 u8,1000,6.3600,330.5,11.6
1,CSV,PHast-R S=8 L=1024 R=4 d=1 l=4.75 u8,1000,6.4640,506.9,12.7
2,CSV,PHast-R S=8 L=32 R=4 d=1 l=4.75 u8,1000,5.9280,442.4,10.0
2,CSV,PHast-R S=8 L=64 R=4 d=1 l=4.75 u8,1000,5.9280,369.9,9.8
2,CSV,PHast-R S=8 L=128 R=4 d=1 l=4.75 u8,1000,6.1120,328.9,11.1
2,CSV,PHast-R S=8 L=256 R=4 d=1 l=4.75 u8,1000,6.2560,320.2,10.9
2,CSV,PHast-R S=8 L=512 R=4 d=1 l=4.75 u8,1000,6.3680,352.9,11.7
2,CSV,PHast-R S=8 L=1024 R=4 d=1 l=4.75 u8,1000,6.4480,623.7,13.8
3,CSV,PHast-R S=8 L=32 R=4 d=1 l=4.75 u8,1000,6.1600,491.5,10.4
3,CSV,PHast-R S=8 L=64 R=4 d=1 l=4.75 u8,1000,5.9680,422.1,10.0
3,CSV,PHast-R S=8 L=128 R=4 d=1 l=4.75 u8,1000,6.1440,367.5,10.2
3,CSV,PHast-R S=8 L=256 R=4 d=1 l=4.75 u8,1000,6.4560,289.1,12.7
3,CSV,PHast-R S=8 L=512 R=4 d=1 l=4.75 u8,1000,6.4640,317.7,11.8
3,CSV,PHast-R S=8 L=1024 R=4 d=1 l=4.75 u8,1000,6.4720,511.6,12.9
4,CSV,PHast-R S=8 L=32 R=4 d=1 l=4.75 u8,1000,6.1280,461.0,9.1
4,CSV,PHast-R S=8 L=64 R=4 d=1 l=4.75 u8,1000,6.0320,343.0,9.1
4,CSV,PHast-R S=8 L=128 R=4 d=1 l=4.75 u8,1000,6.1360,365.0,10.7
4,CSV,PHast-R S=8 L=256 R=4 d=1 l=4.75 u8,1000,6.4880,275.3,13.0
4,CSV,PHast-R S=8 L=512 R=4 d=1 l=4.75 u8,1000,6.4560,304.9,13.4
4,CSV,PHast-R S=8 L=1024 R=4 d=1 l=4.75 u8,1000,6.4480,345.0,12.4
0,CSV,PHast-R S=8 L=32 R=4 d=1 l=4.75 u8,1500,4.8320,436.6,9.8
0,CSV,PHast-R S=8 L=64 R=4 d=1 l=4.75 u8,1500,4.7467,389.1,8.4
0,CSV,PHast-R S=8 L=128 R=4 d=1 l=4.75 u8,1500,4.8267,301.5,8.7
0,CSV,PHast-R S=8 L=256 R=4 d=1 l=4.75 u8,1500,4.9600,297.9,9.9
0,CSV,PHast-R S=8 L=512 R=4 d=1 l=4.75 u8,1500,5.4293,251.8,14.2
0,CSV,PHast-R S=8 L=1024 R=4 d=1 l=4.75 u8,1500,5.4507,462.8,12.7
1,CSV,PHast-R S=8 L=32 R=4 d=1 l=4.75 u8,1500,4.8427,408.2,11.4
1,CSV,PHast-R S=8 L=64 R=4 d=1 l=4.75 u8,1500,4.8000,359.2,9.0
1,CSV,PHast-R S=8 L=128 R=4 d=1 l=4.75 u8,1500,4.9547,472.2,9.8
1,CSV,PHast-R S=8 L=256 R=4 d=1 l=4.75 u8,1500,5.0507,317.1,11.0
1,CSV,PHast-R S=8 L=512 R=4 d=1 l=4.75 u8,1500,5.5093,493.3,13.1
1,CSV,PHast-R S=8 L=1024 R=4 d=1 l=4.75 u8,1500,5.5147,492.5,12.3
2,CSV,PHast-R S=8 L=32 R=4 d=1 l=4.75 u8,1500,4.8160,409.9,9.1
2,CSV,PHast-R S=8 L=64 R=4 d=1 l=4.75 u8,1500,4.8000,353.4,10.8
2,CSV,PHast-R S=8 L=128 R=4 d=1 l=4.75 u8,1500,4.8213,321.8,8.7
2,CSV,PHast-R S=8 L=256 R=4 d=1 l=4.75 u8,1500,5.1253,462.0,10.2
2,CSV,PHast-R S=8 L=512 R=4 d=1 l=4.75 u8,1500,5.5093,455.6,11.1
2,CSV,PHast-R S=8 L=1024 R=4 d=1 l=4.75 u8,1500,5.5200,527.6,13.2
3,CSV,PHast-R S=8 L=32 R=4 d=1 l=4.75 u8,1500,4.8373,427.2,8.8
3,CSV,PHast-R S=8 L=64 R=4 d=1 l=4.75 u8,1500,4.8267,310.4,9.3
3,CSV,PHast-R S=8 L=128 R=4 d=1 l=4.75 u8,1500,4.8907,311.9,9.5
3,CSV,PHast-R S=8 L=256 R=4 d=1 l=4.75 u8,1500,5.0400,270.5,10.7
3,CSV,PHast-R S=8 L=512 R=4 d=1 l=4.75 u8,1500,5.5413,448.2,12.9
3,CSV,PHast-R S=8 L=1024 R=4 d=1 l=4.75 u8,1500,5.5147,493.4,13.4
4,CSV,PHast-R S=8 L=32 R=4 d=1 l=4.75 u8,1500,4.8213,524.9,10.2
4,CSV,PHast-R S=8 L=64 R=4 d=1 l=4.75 u8,1500,4.8160,464.5,10.3
4,CSV,PHast-R S=8 L=128 R=4 d=1 l=4.75 u8,1500,4.8320,477.1,10.8
4,CSV,PHast-R S=8 L=256 R=4 d=1 l=4.75 u8,1500,5.0027,438.6,8.9
4,CSV,PHast-R S=8 L=512 R=4 d=1 l=4.75 u8,1500,5.5093,487.1,12.6
4,CSV,PHast-R S=8 L=1024 R=4 d=1 l=4.75 u8,1500,5.3867,570.8,12.3
0,CSV,PHast-R S=8 L=32 R=4 d=1 l=4.75 u8,2000,4.2480,400.7,8.3
0,CSV,PHast-R S=8 L=64 R=4 d=1 l=4.75 u8,2000,4.2120,363.8,8.5
0,CSV,PHast-R S=8 L=128 R=4 d=1 l=4.75 u8,2000,4.2040,293.7,7.9
0,CSV,PHast-R S=8 L=256 R=4 d=1 l=4.75 u8,2000,4.2680,223.7,8.9
0,CSV,PHast-R S=8 L=512 R=4 d=1 l=4.75 u8,2000,4.7400,238.5,10.6
0,CSV,PHast-R S=8 L=1024 R=4 d=1 l=4.75 u8,2000,4.8360,570.3,11.7
1,CSV,PHast-R S=8 L=32 R=4 d=1 l=4.75 u8,2000,4.2640,365.1,9.5
1,CSV,PHast-R S=8 L=64 R=4 d=1 l=4.75 u8,2000,4.2480,381.9,9.1
1,CSV,PHast-R S=8 L=128 R=4 d=1 l=4.75 u8,2000,4.2840,370.6,9.4
1,CSV,PHast-R S=8 L=256 R=4 d=1 l=4.75 u8,2000,4.3960,389.3,9.8
1,CSV,PHast-R S=8 L=512 R=4 d=1 l=4.75 u8,2000,4.8080,457.4,12.0
1,CSV,PHast-R S=8 L=1024 R=4 d=1 l=4.75 u8,2000,4.7680,439.6,12.4
2,CSV,PHast-R S=8 L=32 R=4 d=1 l=4.75 u8,2000,4.2760,358.4,9.6
2,CSV,PHast-R S=8 L=64 R=4 d=1 l=4.75 u8,2000,4.2160,310.7,8.8
2,CSV,PHast-R S=8 L=128 R=4 d=1 l=4.75 u8,2000,4.2520,335.8,8.8
2,CSV,PHast-R S=8 L=256 R=4 d=1 l=4.75 u8,2000,4.3400,315.5,9.0
2,CSV,PHast-R S=8 L=512 R=4 d=1 l=4.75 u8,2000,4.7520,364.4,10.9
2,CSV,PHast-R S=8 L=1024 R=4 d=1 l=4.75 u8,2000,4.7120,510.9,10.8
3,CSV,PHast-R S=8 L=32 R=4 d=1 l=4.75 u8,2000,4.2640,387.1,8.6
3,CSV,PHast-R S=8 L=64 R=4 d=1 l=4.75 u8,2000,4.2080,354.1,8.6
3,CSV,PHast-R S=8 L=128 R=4 d=1 l=4.75 u8,2000,4.2120,351.7,9.1
3,CSV,PHast-R S=8 L=256 R=4 d=1 l=4.75 u8,2000,4.3240,263.5,10.2
3,CSV,PHast-R S=8 L=512 R=4 d=1 l=4.75 u8,2000,4.8360,440.6,12.4
3,CSV,PHast-R S=8 L=1024 R=4 d=1 l=4.75 u8,2000,4.8240,486.1,12.0
4,CSV,PHast-R S=8 L=32 R=4 d=1 l=4.75 u8,2000,4.2600,365.4,9.8
4,CSV,PHast-R S=8 L=64 R=4 d=1 l=4.75 u8,2000,4.2000,329.8,9.3
4,CSV,PHast-R S=8 L=128 R=4 d=1 l=4.75 u8,2000,4.2400,390.9,8.4
4,CSV,PHast-R S=8 L=256 R=4 d=1 l=4.75 u8,2000,4.3240,353.6,8.3
4,CSV,PHast-R S=8 L=512 R=4 d=1 l=4.75 u8,2000,4.7520,381.4,11.1
4,CSV,PHast-R S=8 L=1024 R=4 d=1 l=4.75 u8,2000,4.7120,392.8,11.0
0,CSV,PHast-R S=8 L=32 R=4 d=1 l=4.75 u8,3000,3.7067,372.4,7.8
0,CSV,PHast-R S=8 L=64 R=4 d=1 l=4.75 u8,3000,3.6080,377.5,7.5
0,CSV,PHast-R S=8 L=128 R=4 d=1 l=4.75 u8,3000,3.5813,342.5,7.0
0,CSV,PHast-R S=8 L=256 R=4 d=1 l=4.75 u8,3000,3.6800,376.8,8.2
0,CSV,PHast-R S=8 L=512 R=4 d=1 l=4.75 u8,3000,4.0027,358.9,9.9
0,CSV,PHast-R S=8 L=1024 R=4 d=1 l=4.75 u8,3000,4.4480,387.6,12.8
1,CSV,PHast-R S=8 L=32 R=4 d=1 l=4.75 u8,3000,3.7173,350.4,8.5
1,CSV,PHast-R S=8 L=64 R=4 d=1 l=4.75 u8,3000,3.6000,314.2,7.9
1,CSV,PHast-R S=8 L=128 R=4 d=1 l=4.75 u8,3000,3.6400,371.4,7.8
1,CSV,PHast-R S=8 L=256 R=4 d=1 l=4.75 u8,3000,3.6400,317.3,7.2
1,CSV,PHast-R S=8 L=512 R=4 d=1 l=4.75 u8,3000,3.9547,371.0,9.5
1,CSV,PHast-R S=8 L=1024 R=4 d=1 l=4.75 u8,3000,4.3787,436.5,13.6
2,CSV,PHast-R S=8 L=32 R=4 d=1 l=4.75 u8,3000,3.7147,338.6,8.5
2,CSV,PHast-R S=8 L=64 R=4 d=1 l=4.75 u8,3000,3.6053,320.3,8.4
2,CSV,PHast-R S=8 L=128 R=4 d=1 l=4.75 u8,3000,3.6107,356.4,7.7
2,CSV,PHast-R S=8 L=256 R=4 d=1 l=4.75 u8,3000,3.6800,341.1,8.2
2,CSV,PHast-R S=8 L=512 R=4 d=1 l=4.75 u8,3000,3.9867,329.0,9.2
2,CSV,PHast-R S=8 L=1024 R=4 d=1 l=4.75 u8,3000,4.4107,366.5,14.3
3,CSV,PHast-R S=8 L=32 R=4 d=1 l=4.75 u8,3000,3.7067,315.4,8.4
3,CSV,PHast-R S=8 L=64 R=4 d=1 l=4.75 u8,3000,3.6427,356.5,8.3
3,CSV,PHast-R S=8 L=128 R=4 d=1 l=4.75 u8,3000,3.5787,326.7,7.1
3,CSV,PHast-R S=8 L=256 R=4 d=1 l=4.75 u8,3000,3.6453,302.9,8.5
3,CSV,PHast-R S=8 L=512 R=4 d=1 l=4.75 u8,3000,3.9840,355.4,9.7
3,CSV,PHast-R S=8 L=1024 R=4 d=1 l=4.75 u8,3000,4.4933,474.2,14.5
4,CSV,PHast-R S=8 L=32 R=4 d=1 l=4.75 u8,3000,3.6427,373.3,8.3
4,CSV,PHast-R S=8 L=64 R=4 d=1 l=4.75 u8,3000,3.6053,351.2,7.8
4,CSV,PHast-R S=8 L=128 R=4 d=1 l=4.75 u8,3000,3.6133,364.9,8.5
4,CSV,PHast-R S=8 L=256 R=4 d=1 l=4.75 u8,3000,3.6693,340.9,8.5
4,CSV,PHast-R S=8 L=512 R=4 d=1 l=4.75 u8,3000,3.9973,340.2,9.5
4,CSV,PHast-R S=8 L=1024 R=4 d=1 l=4.75 u8,3000,4.4507,481.0,13.2
0,CSV,PHast-R S=8 L=32 R=4 d=1 l=4.75 u8,5000,3.3296,299.1,9.4
0,CSV,PHast-R S=8 L=64 R=4 d=1 l=4.75 u8,5000,3.1248,321.8,7.8
0,CSV,PHast-R S=8 L=128 R=4 d=1 l=4.75 u8,5000,3.1024,326.5,7.4
0,CSV,PHast-R S=8 L=256 R=4 d=1 l=4.75 u8,5000,3.1296,337.0,7.8
0,CSV,PHast-R S=8 L=512 R=4 d=1 l=4.75 u8,5000,3.3280,343.4,8.5
0,CSV,PHast-R S=8 L=1024 R=4 d=1 l=4.75 u8,5000,3.7216,438.2,10.3
1,CSV,PHast-R S=8 L=32 R=4 d=1 l=4.75 u8,5000,3.2240,320.8,8.1
1,CSV,PHast-R S=8 L=64 R=4 d=1 l=4.75 u8,5000,3.1024,304.0,7.1
1,CSV,PHast-R S=8 L=128 R=4 d=1 l=4.75 u8,5000,3.0752,339.6,7.3
1,CSV,PHast-R S=8 L=256 R=4 d=1 l=4.75 u8,5000,3.0032,288.1,6.4
1,CSV,PHast-R S=8 L=512 R=4 d=1 l=4.75 u8,5000,3.2400,294.0,8.0
1,CSV,PHast-R S=8 L=1024 R=4 d=1 l=4.75 u8,5000,3.5776,425.5,9.5
2,CSV,PHast-R S=8 L=32 R=4 d=1 l=4.75 u8,5000,3.2640,343.9,10.9
2,CSV,PHast-R S=8 L=64 R=4 d=1 l=4.75 u8,5000,3.0992,338.7,7.3
2,CSV,PHast-R S=8 L=128 R=4 d=1 l=4.75 u8,5000,3.1008,346.9,7.7
2,CSV,PHast-R S=8 L=256 R=4 d=1 l=4.75 u8,5000,3.0208,266.1,7.3
2,CSV,PHast-R S=8 L=512 R=4 d=1 l=4.75 u8,5000,3.2560,302.2,8.1
2,CSV,PHast-R S=8 L=1024 R=4 d=1 l=4.75 u8,5000,3.7200,439.7,10.1
3,CSV,PHast-R S=8 L=32 R=4 d=1 l=4.75 u8,5000,3.2880,317.6,8.2
3,CSV,PHast-R S=8 L=64 R=4 d=1 l=4.75 u8,5000,3.1008,285.8,6.8
3,CSV,PHast-R S=8 L=128 R=4 d=1 l=4.75 u8,5000,3.0448,323.5,6.9
3,CSV,PHast-R S=8 L=256 R=4 d=1 l=4.75 u8,5000,3.0400,312.7,6.4
3,CSV,PHast-R S=8 L=512 R=4 d=1 l=4.75 u8,5000,3.2368,308.3,7.5
3,CSV,PHast-R S=8 L=1024 R=4 d=1 l=4.75 u8,5000,3.6160,489.1,9.5
4,CSV,PHast-R S=8 L=32 R=4 d=1 l=4.75 u8,5000,3.2304,301.1,7.7
4,CSV,PHast-R S=8 L=64 R=4 d=1 l=4.75 u8,5000,3.0448,330.1,7.3
4,CSV,PHast-R S=8 L=128 R=4 d=1 l=4.75 u8,5000,3.0400,339.5,7.6
4,CSV,PHast-R S=8 L=256 R=4 d=1 l=4.75 u8,5000,3.0032,251.6,6.7
4,CSV,PHast-R S=8 L=512 R=4 d=1 l=4.75 u8,5000,3.2016,267.0,10.6
4,CSV,PHast-R S=8 L=1024 R=4 d=1 l=4.75 u8,5000,3.5792,333.2,8.7
0,CSV,PHast-R S=8 L=32 R=4 d=1 l=4.75 u8,7000,3.0777,317.1,9.0
0,CSV,PHast-R S=8 L=64 R=4 d=1 l=4.75 u8,7000,2.9326,288.4,8.4
0,CSV,PHast-R S=8 L=128 R=4 d=1 l=4.75 u8,7000,2.8789,313.3,6.4
0,CSV,PHast-R S=8 L=256 R=4 d=1 l=4.75 u8,7000,2.7714,284.7,6.5
0,CSV,PHast-R S=8 L=512 R=4 d=1 l=4.75 u8,7000,2.9634,273.8,7.0
0,CSV,PHast-R S=8 L=1024 R=4 d=1 l=4.75 u8,7000,3.2617,368.2,8.3
1,CSV,PHast-R S=8 L=32 R=4 d=1 l=4.75 u8,7000,3.0480,331.6,7.7
1,CSV,PHast-R S=8 L=64 R=4 d=1 l=4.75 u8,7000,2.8766,313.4,7.1
1,CSV,PHast-R S=8 L=128 R=4 d=1 l=4.75 u8,7000,2.8377,340.8,10.4
1,CSV,PHast-R S=8 L=256 R=4 d=1 l=4.75 u8,7000,2.7680,271.1,6.7
1,CSV,PHast-R S=8 L=512 R=4 d=1 l=4.75 u8,7000,2.9074,262.6,7.8
1,CSV,PHast-R S=8 L=1024 R=4 d=1 l=4.75 u8,7000,3.1829,302.4,9.4
2,CSV,PHast-R S=8 L=32 R=4 d=1 l=4.75 u8,7000,3.0617,304.5,8.3
2,CSV,PHast-R S=8 L=64 R=4 d=1 l=4.75 u8,7000,2.9166,294.6,7.4
2,CSV,PHast-R S=8 L=128 R=4 d=1 l=4.75 u8,7000,2.8777,310.5,7.1
2,CSV,PHast-R S=8 L=256 R=4 d=1 l=4.75 u8,7000,2.7863,284.0,6.2
2,CSV,PHast-R S=8 L=512 R=4 d=1 l=4.75 u8,7000,2.9463,269.5,7.7
2,CSV,PHast-R S=8 L=1024 R=4 d=1 l=4.75 u8,7000,3.2629,381.6,9.8
3,CSV,PHast-R S=8 L=32 R=4 d=1 l=4.75 u8,7000,3.0126,301.2,6.9
3,CSV,PHast-R S=8 L=64 R=4 d=1 l=4.75 u8,7000,2.9006,299.3,7.0
3,CSV,PHast-R S=8 L=128 R=4 d=1 l=4.75 u8,7000,2.7989,312.7,6.6
3,CSV,PHast-R S=8 L=256 R=4 d=1 l=4.75 u8,7000,2.7429,247.5,6.4
3,CSV,PHast-R S=8 L=512 R=4 d=1 l=4.75 u8,7000,2.9303,252.9,7.3
3,CSV,PHast-R S=8 L=1024 R=4 d=1 l=4.75 u8,7000,3.2594,376.9,8.5
4,CSV,PHast-R S=8 L=32 R=4 d=1 l=4.75 u8,7000,3.0503,345.7,9.5
4,CSV,PHast-R S=8 L=64 R=4 d=1 l=4.75 u8,7000,2.9154,300.0,7.1
4,CSV,PHast-R S=8 L=128 R=4 d=1 l=4.75 u8,7000,2.8000,319.7,6.7
4,CSV,PHast-R S=8 L=256 R=4 d=1 l=4.75 u8,7000,2.7703,287.1,6.5
4,CSV,PHast-R S=8 L=512 R=4 d=1 l=4.75 u8,7000,2.8937,303.5,7.1
4,CSV,PHast-R S=8 L=1024 R=4 d=1 l=4.75 u8,7000,3.2880,403.1,8.5
0,CSV,PHast-R S=8 L=32 R=4 d=1 l=4.75 u8,10000,2.9216,317.1,8.4
0,CSV,PHast-R S=8 L=64 R=4 d=1 l=4.75 u8,10000,2.7392,288.0,7.7
0,CSV,PHast-R S=8 L=128 R=4 d=1 l=4.75 u8,10000,2.6240,274.2,6.2
0,CSV,PHast-R S=8 L=256 R=4 d=1 l=4.75 u8,10000,2.5432,269.9,6.0
0,CSV,PHast-R S=8 L=512 R=4 d=1 l=4.75 u8,10000,2.6456,266.4,8.1
0,CSV,PHast-R S=8 L=1024 R=4 d=1 l=4.75 u8,10000,2.8984,286.6,8.1
1,CSV,PHast-R S=8 L=32 R=4 d=1 l=4.75 u8,10000,2.8792,319.2,9.0
1,CSV,PHast-R S=8 L=64 R=4 d=1 l=4.75 u8,10000,2.7408,299.3,6.8
1,CSV,PHast-R S=8 L=128 R=4 d=1 l=4.75 u8,10000,2.6344,295.6,6.5
1,CSV,PHast-R S=8 L=256 R=4 d=1 l=4.75 u8,10000,2.5456,263.6,6.2
1,CSV,PHast-R S=8 L=512 R=4 d=1 l=4.75 u8,10000,2.6440,266.5,6.6
1,CSV,PHast-R S=8 L=1024 R=4 d=1 l=4.75 u8,10000,2.9032,352.4,7.1
2,CSV,PHast-R S=8 L=32 R=4 d=1 l=4.75 u8,10000,2.9264,301.4,8.5
2,CSV,PHast-R S=8 L=64 R=4 d=1 l=4.75 u8,10000,2.7416,295.5,7.4
2,CSV,PHast-R S=8 L=128 R=4 d=1 l=4.75 u8,10000,2.6336,276.5,6.7
2,CSV,PHast-R S=8 L=256 R=4 d=1 l=4.75 u8,10000,2.5432,268.3,5.8
2,CSV,PHast-R S=8 L=512 R=4 d=1 l=4.75 u8,10000,2.6360,241.2,6.7
2,CSV,PHast-R S=8 L=1024 R=4 d=1 l=4.75 u8,10000,2.9352,313.7,8.4
3,CSV,PHast-R S=8 L=32 R=4 d=1 l=4.75 u8,10000,2.9408,302.8,9.0
3,CSV,PHast-R S=8 L=64 R=4 d=1 l=4.75 u8,10000,2.7528,283.0,6.9
3,CSV,PHast-R S=8 L=128 R=4 d=1 l=4.75 u8,10000,2.6448,296.3,7.1
3,CSV,PHast-R S=8 L=256 R=4 d=1 l=4.75 u8,10000,2.5296,235.7,6.7
3,CSV,PHast-R S=8 L=512 R=4 d=1 l=4.75 u8,10000,2.6568,235.9,6.7
3,CSV,PHast-R S=8 L=1024 R=4 d=1 l=4.75 u8,10000,2.9544,315.1,7.5
4,CSV,PHast-R S=8 L=32 R=4 d=1 l=4.75 u8,10000,2.9240,331.9,8.9
4,CSV,PHast-R S=8 L=64 R=4 d=1 l=4.75 u8,10000,2.7528,305.0,7.1
4,CSV,PHast-R S=8 L=128 R=4 d=1 l=4.75 u8,10000,2.6336,264.3,6.3
4,CSV,PHast-R S=8 L=256 R=4 d=1 l=4.75 u8,10000,2.5672,263.1,6.0
4,CSV,PHast-R S=8 L=512 R=4 d=1 l=4.75 u8,10000,2.6464,228.5,6.6
4,CSV,PHast-R S=8 L=1024 R=4 d=1 l=4.75 u8,10000,2.9136,313.4,7.5
0,CSV,PHast-R S=8 L=32 R=4 d=1 l=4.75 u8,15000,2.8565,319.2,9.0
0,CSV,PHast-R S=8 L=64 R=4 d=1 l=4.75 u8,15000,2.6160,281.5,8.5
0,CSV,PHast-R S=8 L=128 R=4 d=1 l=4.75 u8,15000,2.4917,265.4,6.4
0,CSV,PHast-R S=8 L=256 R=4 d=1 l=4.75 u8,15000,2.3925,248.7,6.3
0,CSV,PHast-R S=8 L=512 R=4 d=1 l=4.75 u8,15000,2.4752,240.8,6.4
0,CSV,PHast-R S=8 L=1024 R=4 d=1 l=4.75 u8,15000,2.6533,288.1,7.0
1,CSV,PHast-R S=8 L=32 R=4 d=1 l=4.75 u8,15000,2.8603,345.5,8.1
1,CSV,PHast-R S=8 L=64 R=4 d=1 l=4.75 u8,15000,2.5899,315.7,10.2
1,CSV,PHast-R S=8 L=128 R=4 d=1 l=4.75 u8,15000,2.4480,267.0,6.0
1,CSV,PHast-R S=8 L=256 R=4 d=1 l=4.75 u8,15000,2.3888,246.0,6.3
1,CSV,PHast-R S=8 L=512 R=4 d=1 l=4.75 u8,15000,2.4453,249.8,6.1
1,CSV,PHast-R S=8 L=1024 R=4 d=1 l=4.75 u8,15000,2.6352,281.4,7.7
2,CSV,PHast-R S=8 L=32 R=4 d=1 l=4.75 u8,15000,2.8837,341.8,9.6
2,CSV,PHast-R S=8 L=64 R=4 d=1 l=4.75 u8,15000,2.6576,319.1,8.3
2,CSV,PHast-R S=8 L=128 R=4 d=1 l=4.75 u8,15000,2.5099,275.3,6.3
2,CSV,PHast-R S=8 L=256 R=4 d=1 l=4.75 u8,15000,2.4069,234.1,6.1
2,CSV,PHast-R S=8 L=512 R=4 d=1 l=4.75 u8,15000,2.4757,255.5,7.0
2,CSV,PHast-R S=8 L=1024 R=4 d=1 l=4.75 u8,15000,2.6208,249.3,7.5
3,CSV,PHast-R S=8 L=32 R=4 d=1 l=4.75 u8,15000,2.7861,322.6,9.0
3,CSV,PHast-R S=8 L=64 R=4 d=1 l=4.75 u8,15000,2.6027,283.7,7.3
3,CSV,PHast-R S=8 L=128 R=4 d=1 l=4.75 u8,15000,2.4661,263.3,7.0
3,CSV,PHast-R S=8 L=256 R=4 d=1 l=4.75 u8,15000,2.3691,222.2,6.1
3,CSV,PHast-R S=8 L=512 R=4 d=1 l=4.75 u8,15000,2.4880,285.1,7.1
3,CSV,PHast-R S=8 L=1024 R=4 d=1 l=4.75 u8,15000,2.6539,284.1,7.3
4,CSV,PHast-R S=8 L=32 R=4 d=1 l=4.75 u8,15000,3.0603,415.5,8.8
4,CSV,PHast-R S=8 L=64 R=4 d=1 l=4.75 u8,15000,2.6229,312.8,7.5
4,CSV,PHast-R S=8 L=128 R=4 d=1 l=4.75 u8,15000,2.4741,261.0,6.5
4,CSV,PHast-R S=8 L=256 R=4 d=1 l=4.75 u8,15000,2.3867,239.6,6.1
4,CSV,PHast-R S=8 L=512 R=4 d=1 l=4.75 u8,15000,2.4704,249.5,6.9
4,CSV,PHast-R S=8 L=1024 R=4 d=1 l=4.75 u8,15000,2.6267,260.6,7.6
0,CSV,PHast-R S=8 L=32 R=4 d=1 l=4.75 u8,20000,2.9308,363.9,8.6
0,CSV,PHast-R S=8 L=64 R=4 d=1 l=4.75 u8,20000,2.5476,306.1,7.0
0,CSV,PHast-R S=8 L=128 R=4 d=1 l=4.75 u8,20000,2.3872,282.3,6.0
0,CSV,PHast-R S=8 L=256 R=4 d=1 l=4.75 u8,20000,2.2864,224.9,6.8
0,CSV,PHast-R S=8 L=512 R=4 d=1 l=4.75 u8,20000,2.3308,217.6,6.2
0,CSV,PHast-R S=8 L=1024 R=4 d=1 l=4.75 u8,20000,2.4720,229.9,6.4
1,CSV,PHast-R S=8 L=32 R=4 d=1 l=4.75 u8,20000,2.7548,297.1,8.9
1,CSV,PHast-R S=8 L=64 R=4 d=1 l=4.75 u8,20000,2.5376,287.4,7.6
1,CSV,PHast-R S=8 L=128 R=4 d=1 l=4.75 u8,20000,2.4056,253.8,6.5
1,CSV,PHast-R S=8 L=256 R=4 d=1 l=4.75 u8,20000,2.2772,210.5,5.7
1,CSV,PHast-R S=8 L=512 R=4 d=1 l=4.75 u8,20000,2.3548,231.8,6.0
1,CSV,PHast-R S=8 L=1024 R=4 d=1 l=4.75 u8,20000,2.4612,236.5,7.0
2,CSV,PHast-R S=8 L=32 R=4 d=1 l=4.75 u8,20000,2.8184,307.9,9.2
2,CSV,PHast-R S=8 L=64 R=4 d=1 l=4.75 u8,20000,2.5820,287.7,7.8
2,CSV,PHast-R S=8 L=128 R=4 d=1 l=4.75 u8,20000,2.4316,251.5,6.4
2,CSV,PHast-R S=8 L=256 R=4 d=1 l=4.75 u8,20000,2.3208,210.4,5.9
2,CSV,PHast-R S=8 L=512 R=4 d=1 l=4.75 u8,20000,2.3576,215.5,6.8
2,CSV,PHast-R S=8 L=1024 R=4 d=1 l=4.75 u8,20000,2.4820,240.3,6.7
3,CSV,PHast-R S=8 L=32 R=4 d=1 l=4.75 u8,20000,2.8064,317.9,8.4
3,CSV,PHast-R S=8 L=64 R=4 d=1 l=4.75 u8,20000,2.5440,276.8,7.8
3,CSV,PHast-R S=8 L=128 R=4 d=1 l=4.75 u8,20000,2.4008,245.7,6.9
3,CSV,PHast-R S=8 L=256 R=4 d=1 l=4.75 u8,20000,2.3036,229.6,5.5
3,CSV,PHast-R S=8 L=512 R=4 d=1 l=4.75 u8,20000,2.3344,215.8,6.3
3,CSV,PHast-R S=8 L=1024 R=4 d=1 l=4.75 u8,20000,2.5228,251.8,7.2
4,CSV,PHast-R S=8 L=32 R=4 d=1 l=4.75 u8,20000,2.9928,405.3,8.6
4,CSV,PHast-R S=8 L=64 R=4 d=1 l=4.75 u8,20000,2.5488,275.3,6.9
4,CSV,PHast-R S=8 L=128 R=4 d=1 l=4.75 u8,20000,2.4064,245.7,6.2
4,CSV,PHast-R S=8 L=256 R=4 d=1 l=4.75 u8,20000,2.2936,207.2,5.5
4,CSV,PHast-R S=8 L=512 R=4 d=1 l=4.75 u8,20000,2.3608,227.2,6.8
4,CSV,PHast-R S=8 L=1024 R=4 d=1 l=4.75 u8,20000,2.4428,214.3,6.8
0,CSV,PHast-R S=8 L=32 R=4 d=1 l=4.75 u8,30000,3.2547,501.3,8.7
0,CSV,PHast-R S=8 L=64 R=4 d=1 l=4.75 u8,30000,2.5181,279.9,7.3
0,CSV,PHast-R S=8 L=128 R=4 d=1 l=4.75 u8,30000,2.3747,255.8,6.6
0,CSV,PHast-R S=8 L=256 R=4 d=1 l=4.75 u8,30000,2.1784,191.5,6.0
0,CSV,PHast-R S=8 L=512 R=4 d=1 l=4.75 u8,30000,2.2160,210.6,6.1
0,CSV,PHast-R S=8 L=1024 R=4 d=1 l=4.75 u8,30000,2.3163,211.0,7.1
1,CSV,PHast-R S=8 L=32 R=4 d=1 l=4.75 u8,30000,3.0573,446.7,8.7
1,CSV,PHast-R S=8 L=64 R=4 d=1 l=4.75 u8,30000,2.4957,279.4,7.1
1,CSV,PHast-R S=8 L=128 R=4 d=1 l=4.75 u8,30000,2.3779,258.2,6.6
1,CSV,PHast-R S=8 L=256 R=4 d=1 l=4.75 u8,30000,2.1811,195.0,5.5
1,CSV,PHast-R S=8 L=512 R=4 d=1 l=4.75 u8,30000,2.2373,211.5,5.7
1,CSV,PHast-R S=8 L=1024 R=4 d=1 l=4.75 u8,30000,2.3120,216.6,6.8
2,CSV,PHast-R S=8 L=32 R=4 d=1 l=4.75 u8,30000,3.2997,559.6,9.2
2,CSV,PHast-R S=8 L=64 R=4 d=1 l=4.75 u8,30000,2.5288,280.4,7.4
2,CSV,PHast-R S=8 L=128 R=4 d=1 l=4.75 u8,30000,2.3651,257.3,7.4
2,CSV,PHast-R S=8 L=256 R=4 d=1 l=4.75 u8,30000,2.1989,197.3,5.7
2,CSV,PHast-R S=8 L=512 R=4 d=1 l=4.75 u8,30000,2.2429,205.9,5.7
2,CSV,PHast-R S=8 L=1024 R=4 d=1 l=4.75 u8,30000,2.3824,248.0,6.8
3,CSV,PHast-R S=8 L=32 R=4 d=1 l=4.75 u8,30000,2.8888,334.8,9.3
3,CSV,PHast-R S=8 L=64 R=4 d=1 l=4.75 u8,30000,2.5088,274.3,7.1
3,CSV,PHast-R S=8 L=128 R=4 d=1 l=4.75 u8,30000,2.3755,255.2,6.6
3,CSV,PHast-R S=8 L=256 R=4 d=1 l=4.75 u8,30000,2.2160,208.7,5.7
3,CSV,PHast-R S=8 L=512 R=4 d=1 l=4.75 u8,30000,2.2341,208.5,6.0
3,CSV,PHast-R S=8 L=1024 R=4 d=1 l=4.75 u8,30000,2.3760,248.8,6.6
4,CSV,PHast-R S=8 L=32 R=4 d=1 l=4.75 u8,30000,2.9261,380.4,8.9
4,CSV,PHast-R S=8 L=64 R=4 d=1 l=4.75 u8,30000,2.5053,292.3,7.2
4,CSV,PHast-R S=8 L=128 R=4 d=1 l=4.75 u8,30000,2.3683,266.3,7.2
4,CSV,PHast-R S=8 L=256 R=4 d=1 l=4.75 u8,30000,2.1955,209.6,5.6
4,CSV,PHast-R S=8 L=512 R=4 d=1 l=4.75 u8,30000,2.2221,204.3,5.9
4,CSV,PHast-R S=8 L=1024 R=4 d=1 l=4.75 u8,30000,2.3160,215.8,7.0
0,CSV,PHast-R S=8 L=32 R=4 d=1 l=4.75 u8,50000,2.5544,283.4,9.5
0,CSV,PHast-R S=8 L=64 R=4 d=1 l=4.75 u8,50000,2.4578,276.6,7.7
0,CSV,PHast-R S=8 L=128 R=4 d=1 l=4.75 u8,50000,2.3000,260.4,9.1
0,CSV,PHast-R S=8 L=256 R=4 d=1 l=4.75 u8,50000,2.1382,196.8,6.3
0,CSV,PHast-R S=8 L=512 R=4 d=1 l=4.75 u8,50000,2.1363,198.6,6.3
0,CSV,PHast-R S=8 L=1024 R=4 d=1 l=4.75 u8,50000,2.2314,222.5,6.6
1,CSV,PHast-R S=8 L=32 R=4 d=1 l=4.75 u8,50000,2.5418,300.4,11.7
1,CSV,PHast-R S=8 L=64 R=4 d=1 l=4.75 u8,50000,2.4504,276.9,11.3
1,CSV,PHast-R S=8 L=128 R=4 d=1 l=4.75 u8,50000,2.3050,263.2,7.0
1,CSV,PHast-R S=8 L=256 R=4 d=1 l=4.75 u8,50000,2.1294,185.8,5.9
1,CSV,PHast-R S=8 L=512 R=4 d=1 l=4.75 u8,50000,2.1581,192.9,6.2
1,CSV,PHast-R S=8 L=1024 R=4 d=1 l=4.75 u8,50000,2.2381,217.3,6.4
2,CSV,PHast-R S=8 L=32 R=4 d=1 l=4.75 u8,50000,2.5542,296.9,8.5
2,CSV,PHast-R S=8 L=64 R=4 d=1 l=4.75 u8,50000,2.4722,287.9,7.5
2,CSV,PHast-R S=8 L=128 R=4 d=1 l=4.75 u8,50000,2.3154,257.5,7.6
2,CSV,PHast-R S=8 L=256 R=4 d=1 l=4.75 u8,50000,2.1344,185.4,6.2
2,CSV,PHast-R S=8 L=512 R=4 d=1 l=4.75 u8,50000,2.1384,179.9,6.4
2,CSV,PHast-R S=8 L=1024 R=4 d=1 l=4.75 u8,50000,2.2418,220.0,7.2
3,CSV,PHast-R S=8 L=32 R=4 d=1 l=4.75 u8,50000,2.5754,294.2,8.7
3,CSV,PHast-R S=8 L=64 R=4 d=1 l=4.75 u8,50000,2.4579,281.3,8.2
3,CSV,PHast-R S=8 L=128 R=4 d=1 l=4.75 u8,50000,2.3075,258.1,7.1
3,CSV,PHast-R S=8 L=256 R=4 d=1 l=4.75 u8,50000,2.1418,192.2,6.0
3,CSV,PHast-R S=8 L=512 R=4 d=1 l=4.75 u8,50000,2.1560,201.5,6.4
3,CSV,PHast-R S=8 L=1024 R=4 d=1 l=4.75 u8,50000,2.2005,205.2,6.7
4,CSV,PHast-R S=8 L=32 R=4 d=1 l=4.75 u8,50000,2.5694,287.6,8.4
4,CSV,PHast-R S=8 L=64 R=4 d=1 l=4.75 u8,50000,2.4683,288.4,7.4
4,CSV,PHast-R S=8 L=128 R=4 d=1 l=4.75 u8,50000,2.3053,248.3,7.4
4,CSV,PHast-R S=8 L=256 R=4 d=1 l=4.75 u8,50000,2.1402,193.9,6.6
4,CSV,PHast-R S=8 L=512 R=4 d=1 l=4.75 u8,50000,2.1560,199.6,6.2
4,CSV,PHast-R S=8 L=1024 R=4 d=1 l=4.75 u8,50000,2.2226,222.7,6.4
0,CSV,PHast-R S=8 L=32 R=4 d=1 l=4.75 u8,100000,2.5194,297.5,10.7
0,CSV,PHast-R S=8 L=64 R=4 d=1 l=4.75 u8,100000,2.3191,282.9,9.1
0,CSV,PHast-R S=8 L=128 R=4 d=1 l=4.75 u8,100000,2.1886,257.6,12.9
0,CSV,PHast-R S=8 L=256 R=4 d=1 l=4.75 u8,100000,2.0880,191.6,16.3
0,CSV,PHast-R S=8 L=512 R=4 d=1 l=4.75 u8,100000,2.0623,181.3,7.2
0,CSV,PHast-R S=8 L=1024 R=4 d=1 l=4.75 u8,100000,2.1074,200.9,17.2
1,CSV,PHast-R S=8 L=32 R=4 d=1 l=4.75 u8,100000,2.5205,282.4,11.0
1,CSV,PHast-R S=8 L=64 R=4 d=1 l=4.75 u8,100000,2.3190,316.2,9.6
1,CSV,PHast-R S=8 L=128 R=4 d=1 l=4.75 u8,100000,2.1996,258.3,11.8
1,CSV,PHast-R S=8 L=256 R=4 d=1 l=4.75 u8,100000,2.0843,191.0,7.3
1,CSV,PHast-R S=8 L=512 R=4 d=1 l=4.75 u8,100000,2.0632,183.1,7.2
1,CSV,PHast-R S=8 L=1024 R=4 d=1 l=4.75 u8,100000,2.1031,198.0,7.3
2,CSV,PHast-R S=8 L=32 R=4 d=1 l=4.75 u8,100000,2.5021,285.1,10.1
2,CSV,PHast-R S=8 L=64 R=4 d=1 l=4.75 u8,100000,2.3266,276.3,8.9
2,CSV,PHast-R S=8 L=128 R=4 d=1 l=4.75 u8,100000,2.1810,255.9,8.5
2,CSV,PHast-R S=8 L=256 R=4 d=1 l=4.75 u8,100000,2.0846,187.2,7.3
2,CSV,PHast-R S=8 L=512 R=4 d=1 l=4.75 u8,100000,2.0604,180.6,7.2
2,CSV,PHast-R S=8 L=1024 R=4 d=1 l=4.75 u8,100000,2.1130,201.7,7.2
3,CSV,PHast-R S=8 L=32 R=4 d=1 l=4.75 u8,100000,2.5096,290.6,10.4
3,CSV,PHast-R S=8 L=64 R=4 d=1 l=4.75 u8,100000,2.3174,282.6,9.4
3,CSV,PHast-R S=8 L=128 R=4 d=1 l=4.75 u8,100000,2.1860,263.9,8.4
3,CSV,PHast-R S=8 L=256 R=4 d=1 l=4.75 u8,100000,2.0751,190.8,7.3
3,CSV,PHast-R S=8 L=512 R=4 d=1 l=4.75 u8,100000,2.0626,184.6,6.9
3,CSV,PHast-R S=8 L=1024 R=4 d=1 l=4.75 u8,100000,2.1085,202.6,7.2
4,CSV,PHast-R S=8 L=32 R=4 d=1 l=4.75 u8,100000,2.5147,298.4,10.4
4,CSV,PHast-R S=8 L=64 R=4 d=1 l=4.75 u8,100000,2.3276,291.1,9.8
4,CSV,PHast-R S=8 L=128 R=4 d=1 l=4.75 u8,100000,2.1798,265.9,7.6
4,CSV,PHast-R S=8 L=256 R=4 d=1 l=4.75 u8,100000,2.0819,197.0,7.5
4,CSV,PHast-R S=8 L=512 R=4 d=1 l=4.75 u8,100000,2.0679,192.5,8.6
4,CSV,PHast-R S=8 L=1024 R=4 d=1 l=4.75 u8,100000,2.1082,210.7,7.5
0,CSV,PHast-R S=8 L=32 R=4 d=1 l=4.75 u8,200000,2.5316,311.2,17.7
0,CSV,PHast-R S=8 L=64 R=4 d=1 l=4.75 u8,200000,2.3044,289.5,10.7
0,CSV,PHast-R S=8 L=128 R=4 d=1 l=4.75 u8,200000,2.1594,254.0,8.7
0,CSV,PHast-R S=8 L=256 R=4 d=1 l=4.75 u8,200000,2.0048,201.3,14.3
0,CSV,PHast-R S=8 L=512 R=4 d=1 l=4.75 u8,200000,1.9899,180.4,8.0
0,CSV,PHast-R S=8 L=1024 R=4 d=1 l=4.75 u8,200000,2.0162,187.5,8.4
1,CSV,PHast-R S=8 L=32 R=4 d=1 l=4.75 u8,200000,2.5115,298.5,11.3
1,CSV,PHast-R S=8 L=64 R=4 d=1 l=4.75 u8,200000,2.3087,280.5,9.8
1,CSV,PHast-R S=8 L=128 R=4 d=1 l=4.75 u8,200000,2.1597,246.0,8.6
1,CSV,PHast-R S=8 L=256 R=4 d=1 l=4.75 u8,200000,2.0078,183.5,8.2
1,CSV,PHast-R S=8 L=512 R=4 d=1 l=4.75 u8,200000,1.9930,182.3,8.2
1,CSV,PHast-R S=8 L=1024 R=4 d=1 l=4.75 u8,200000,2.0181,187.0,8.3
2,CSV,PHast-R S=8 L=32 R=4 d=1 l=4.75 u8,200000,2.5126,309.4,11.4
2,CSV,PHast-R S=8 L=64 R=4 d=1 l=4.75 u8,200000,2.2984,287.1,10.4
2,CSV,PHast-R S=8 L=128 R=4 d=1 l=4.75 u8,200000,2.1654,266.9,9.8
2,CSV,PHast-R S=8 L=256 R=4 d=1 l=4.75 u8,200000,2.0080,189.4,8.5
2,CSV,PHast-R S=8 L=512 R=4 d=1 l=4.75 u8,200000,1.9955,184.1,8.4
2,CSV,PHast-R S=8 L=1024 R=4 d=1 l=4.75 u8,200000,2.0114,186.5,8.3
3,CSV,PHast-R S=8 L=32 R=4 d=1 l=4.75 u8,200000,2.5053,291.7,13.5
3,CSV,PHast-R S=8 L=64 R=4 d=1 l=4.75 u8,200000,2.3021,282.4,10.6
3,CSV,PHast-R S=8 L=128 R=4 d=1 l=4.75 u8,200000,2.1545,253.8,9.0
3,CSV,PHast-R S=8 L=256 R=4 d=1 l=4.75 u8,200000,2.0047,189.6,8.4
3,CSV,PHast-R S=8 L=512 R=4 d=1 l=4.75 u8,200000,1.9932,184.3,8.2
3,CSV,PHast-R S=8 L=1024 R=4 d=1 l=4.75 u8,200000,2.0088,188.6,10.0
4,CSV,PHast-R S=8 L=32 R=4 d=1 l=4.75 u8,200000,2.5068,299.3,11.9
4,CSV,PHast-R S=8 L=64 R=4 d=1 l=4.75 u8,200000,2.2882,284.7,9.9
4,CSV,PHast-R S=8 L=128 R=4 d=1 l=4.75 u8,200000,2.1610,252.0,9.0
4,CSV,PHast-R S=8 L=256 R=4 d=1 l=4.75 u8,200000,2.0119,194.2,8.0
4,CSV,PHast-R S=8 L=512 R=4 d=1 l=4.75 u8,200000,1.9978,183.1,8.4
4,CSV,PHast-R S=8 L=1024 R=4 d=1 l=4.75 u8,200000,2.0195,188.3,8.5
0,CSV,PHast-R S=8 L=32 R=4 d=1 l=4.75 u8,500000,2.4726,290.0,16.4
0,CSV,PHast-R S=8 L=64 R=4 d=1 l=4.75 u8,500000,2.2879,281.9,13.2
0,CSV,PHast-R S=8 L=128 R=4 d=1 l=4.75 u8,500000,2.1421,256.0,11.4
0,CSV,PHast-R S=8 L=256 R=4 d=1 l=4.75 u8,500000,1.9800,193.7,12.0
0,CSV,PHast-R S=8 L=512 R=4 d=1 l=4.75 u8,500000,1.9598,188.3,9.8
0,CSV,PHast-R S=8 L=1024 R=4 d=1 l=4.75 u8,500000,1.9675,190.6,9.9
1,CSV,PHast-R S=8 L=32 R=4 d=1 l=4.75 u8,500000,2.4687,289.9,16.6
1,CSV,PHast-R S=8 L=64 R=4 d=1 l=4.75 u8,500000,2.2896,282.3,14.8
1,CSV,PHast-R S=8 L=128 R=4 d=1 l=4.75 u8,500000,2.1400,246.5,12.1
1,CSV,PHast-R S=8 L=256 R=4 d=1 l=4.75 u8,500000,1.9896,185.5,11.3
1,CSV,PHast-R S=8 L=512 R=4 d=1 l=4.75 u8,500000,1.9606,177.2,9.7
1,CSV,PHast-R S=8 L=1024 R=4 d=1 l=4.75 u8,500000,1.9665,182.0,9.7
2,CSV,PHast-R S=8 L=32 R=4 d=1 l=4.75 u8,500000,2.4695,291.7,16.5
2,CSV,PHast-R S=8 L=64 R=4 d=1 l=4.75 u8,500000,2.2947,283.8,11.9
2,CSV,PHast-R S=8 L=128 R=4 d=1 l=4.75 u8,500000,2.1458,259.4,12.3
2,CSV,PHast-R S=8 L=256 R=4 d=1 l=4.75 u8,500000,1.9832,192.3,9.2
2,CSV,PHast-R S=8 L=512 R=4 d=1 l=4.75 u8,500000,1.9642,187.8,13.2
2,CSV,PHast-R S=8 L=1024 R=4 d=1 l=4.75 u8,500000,1.9652,182.2,10.2
3,CSV,PHast-R S=8 L=32 R=4 d=1 l=4.75 u8,500000,2.4696,291.2,17.1
3,CSV,PHast-R S=8 L=64 R=4 d=1 l=4.75 u8,500000,2.2934,285.5,17.2
3,CSV,PHast-R S=8 L=128 R=4 d=1 l=4.75 u8,500000,2.1439,258.8,10.8
3,CSV,PHast-R S=8 L=256 R=4 d=1 l=4.75 u8,500000,1.9837,196.3,10.6
3,CSV,PHast-R S=8 L=512 R=4 d=1 l=4.75 u8,500000,1.9646,195.0,9.4
3,CSV,PHast-R S=8 L=1024 R=4 d=1 l=4.75 u8,500000,1.9670,196.1,9.7
4,CSV,PHast-R S=8 L=32 R=4 d=1 l=4.75 u8,500000,2.4701,291.3,15.9
4,CSV,PHast-R S=8 L=64 R=4 d=1 l=4.75 u8,500000,2.2944,279.1,15.9
4,CSV,PHast-R S=8 L=128 R=4 d=1 l=4.75 u8,500000,2.1439,246.3,12.3
4,CSV,PHast-R S=8 L=256 R=4 d=1 l=4.75 u8,500000,1.9844,184.6,12.5
4,CSV,PHast-R S=8 L=512 R=4 d=1 l=4.75 u8,500000,1.9645,186.3,13.2
4,CSV,PHast-R S=8 L=1024 R=4 d=1 l=4.75 u8,500000,1.9671,191.0,12.2
