1,CSV,ref plus S=8 l=5.25,1000,6.4880,988.7,20.2
1,CSV,ref w3 S=8 l=5,1000,5.7040,1086.7,12.1
1,CSV,ref phast S=8 l=4.5,1000,5.0400,939.2,5.9
1,CSV,PHast-R S=8 L=1024 R=4 d=1 l=4.75 u8,1000,6.2880,434.7,11.3
1,CSV,PHast-R S=8 L=1024 R=4 d=2 l=4.75 u8,1000,6.3760,550.1,12.0
2,CSV,ref plus S=8 l=5.25,1000,6.4880,978.4,20.2
2,CSV,ref w3 S=8 l=5,1000,5.7040,1108.7,12.1
2,CSV,ref phast S=8 l=4.5,1000,5.0400,946.7,5.9
2,CSV,PHast-R S=8 L=1024 R=4 d=1 l=4.75 u8,1000,6.2880,430.2,11.3
2,CSV,PHast-R S=8 L=1024 R=4 d=2 l=4.75 u8,1000,6.3760,553.8,12.1
3,CSV,ref plus S=8 l=5.25,1000,6.4880,976.0,20.2
3,CSV,ref w3 S=8 l=5,1000,5.7040,1169.7,12.1
3,CSV,ref phast S=8 l=4.5,1000,5.0400,978.0,5.9
3,CSV,PHast-R S=8 L=1024 R=4 d=1 l=4.75 u8,1000,6.2880,460.6,11.3
3,CSV,PHast-R S=8 L=1024 R=4 d=2 l=4.75 u8,1000,6.3760,605.7,12.0
4,CSV,ref plus S=8 l=5.25,1000,6.4880,968.5,20.2
4,CSV,ref w3 S=8 l=5,1000,5.7040,1094.9,12.1
4,CSV,ref phast S=8 l=4.5,1000,5.0400,939.7,5.9
4,CSV,PHast-R S=8 L=1024 R=4 d=1 l=4.75 u8,1000,6.2880,441.9,11.3
4,CSV,PHast-R S=8 L=1024 R=4 d=2 l=4.75 u8,1000,6.3760,549.7,12.0
5,CSV,ref plus S=8 l=5.25,1000,6.4880,968.4,20.2
5,CSV,ref w3 S=8 l=5,1000,5.7040,1091.4,12.3
5,CSV,ref phast S=8 l=4.5,1000,5.0400,933.4,6.0
5,CSV,PHast-R S=8 L=1024 R=4 d=1 l=4.75 u8,1000,6.2880,445.0,11.3
5,CSV,PHast-R S=8 L=1024 R=4 d=2 l=4.75 u8,1000,6.3760,531.3,12.0
1,CSV,ref plus S=8 l=5.25,2000,4.6840,406.7,16.1
1,CSV,ref w3 S=8 l=5,2000,4.5560,398.8,14.0
1,CSV,ref phast S=8 l=4.5,2000,3.6200,1118.4,5.7
1,CSV,PHast-R S=8 L=1024 R=4 d=1 l=4.75 u8,2000,4.8360,656.7,11.3
1,CSV,PHast-R S=8 L=1024 R=4 d=2 l=4.75 u8,2000,4.8240,735.8,11.7
2,CSV,ref plus S=8 l=5.25,2000,4.6840,440.3,16.2
2,CSV,ref w3 S=8 l=5,2000,4.5560,426.8,14.1
2,CSV,ref phast S=8 l=4.5,2000,3.6200,1121.9,5.7
2,CSV,PHast-R S=8 L=1024 R=4 d=1 l=4.75 u8,2000,4.8360,674.9,11.4
2,CSV,PHast-R S=8 L=1024 R=4 d=2 l=4.75 u8,2000,4.8240,772.2,11.8
3,CSV,ref plus S=8 l=5.25,2000,4.6840,418.2,16.2
3,CSV,ref w3 S=8 l=5,2000,4.5560,425.6,14.1
3,CSV,ref phast S=8 l=4.5,2000,3.6200,1178.5,5.8
3,CSV,PHast-R S=8 L=1024 R=4 d=1 l=4.75 u8,2000,4.8360,721.7,11.4
3,CSV,PHast-R S=8 L=1024 R=4 d=2 l=4.75 u8,2000,4.8240,821.6,11.7
4,CSV,ref plus S=8 l=5.25,2000,4.6840,412.0,16.1
4,CSV,ref w3 S=8 l=5,2000,4.5560,400.6,14.0
4,CSV,ref phast S=8 l=4.5,2000,3.6200,1124.7,5.7
4,CSV,PHast-R S=8 L=1024 R=4 d=1 l=4.75 u8,2000,4.8360,663.4,11.4
4,CSV,PHast-R S=8 L=1024 R=4 d=2 l=4.75 u8,2000,4.8240,769.4,11.8
5,CSV,ref plus S=8 l=5.25,2000,4.6840,438.4,16.1
5,CSV,ref w3 S=8 l=5,2000,4.5560,426.2,14.1
5,CSV,ref phast S=8 l=4.5,2000,3.6200,1180.9,5.8
5,CSV,PHast-R S=8 L=1024 R=4 d=1 l=4.75 u8,2000,4.8360,704.0,11.4
5,CSV,PHast-R S=8 L=1024 R=4 d=2 l=4.75 u8,2000,4.8240,856.7,11.7
1,CSV,ref plus S=8 l=5.25,3000,3.9760,328.4,13.5
1,CSV,ref w3 S=8 l=5,3000,3.8907,553.1,11.3
1,CSV,ref phast S=8 l=4.5,3000,3.1227,888.7,5.5
1,CSV,PHast-R S=8 L=1024 R=4 d=1 l=4.75 u8,3000,4.4480,456.1,12.5
1,CSV,PHast-R S=8 L=1024 R=4 d=2 l=4.75 u8,3000,4.4187,563.7,12.2
2,CSV,ref plus S=8 l=5.25,3000,3.9760,323.4,13.4
2,CSV,ref w3 S=8 l=5,3000,3.8907,553.5,11.2
2,CSV,ref phast S=8 l=4.5,3000,3.1227,887.2,5.5
2,CSV,PHast-R S=8 L=1024 R=4 d=1 l=4.75 u8,3000,4.4480,450.9,12.5
2,CSV,PHast-R S=8 L=1024 R=4 d=2 l=4.75 u8,3000,4.4187,561.3,12.2
3,CSV,ref plus S=8 l=5.25,3000,3.9760,332.7,13.5
3,CSV,ref w3 S=8 l=5,3000,3.8907,556.2,11.3
3,CSV,ref phast S=8 l=4.5,3000,3.1227,916.1,5.5
3,CSV,PHast-R S=8 L=1024 R=4 d=1 l=4.75 u8,3000,4.4480,481.2,12.6
3,CSV,PHast-R S=8 L=1024 R=4 d=2 l=4.75 u8,3000,4.4187,570.1,12.2
4,CSV,ref plus S=8 l=5.25,3000,3.9760,331.1,13.3
4,CSV,ref w3 S=8 l=5,3000,3.8907,591.2,11.2
4,CSV,ref phast S=8 l=4.5,3000,3.1227,889.1,5.5
4,CSV,PHast-R S=8 L=1024 R=4 d=1 l=4.75 u8,3000,4.4480,436.9,12.4
4,CSV,PHast-R S=8 L=1024 R=4 d=2 l=4.75 u8,3000,4.4187,601.2,12.2
5,CSV,ref plus S=8 l=5.25,3000,3.9760,331.4,13.3
5,CSV,ref w3 S=8 l=5,3000,3.8907,560.0,11.2
5,CSV,ref phast S=8 l=4.5,3000,3.1227,889.3,5.5
5,CSV,PHast-R S=8 L=1024 R=4 d=1 l=4.75 u8,3000,4.4480,458.1,12.4
5,CSV,PHast-R S=8 L=1024 R=4 d=2 l=4.75 u8,3000,4.4187,561.9,12.1
1,CSV,ref plus S=8 l=5.25,5000,3.2768,255.0,10.5
1,CSV,ref w3 S=8 l=5,5000,3.2688,285.2,9.6
1,CSV,ref phast S=8 l=4.5,5000,2.6976,893.1,5.0
1,CSV,PHast-R S=8 L=1024 R=4 d=1 l=4.75 u8,5000,3.7216,511.3,9.9
1,CSV,PHast-R S=8 L=1024 R=4 d=2 l=4.75 u8,5000,3.6384,549.6,10.0
2,CSV,ref plus S=8 l=5.25,5000,3.2768,272.0,10.6
2,CSV,ref w3 S=8 l=5,5000,3.2688,313.7,9.7
2,CSV,ref phast S=8 l=4.5,5000,2.6976,883.2,5.2
2,CSV,PHast-R S=8 L=1024 R=4 d=1 l=4.75 u8,5000,3.7216,481.8,9.8
2,CSV,PHast-R S=8 L=1024 R=4 d=2 l=4.75 u8,5000,3.6384,511.4,9.8
3,CSV,ref plus S=8 l=5.25,5000,3.2768,269.5,10.6
3,CSV,ref w3 S=8 l=5,5000,3.2688,305.0,9.6
3,CSV,ref phast S=8 l=4.5,5000,2.6976,899.6,5.1
3,CSV,PHast-R S=8 L=1024 R=4 d=1 l=4.75 u8,5000,3.7216,466.8,9.9
3,CSV,PHast-R S=8 L=1024 R=4 d=2 l=4.75 u8,5000,3.6384,505.4,10.0
4,CSV,ref plus S=8 l=5.25,5000,3.2768,255.1,10.5
4,CSV,ref w3 S=8 l=5,5000,3.2688,294.1,9.6
4,CSV,ref phast S=8 l=4.5,5000,2.6976,932.8,5.1
4,CSV,PHast-R S=8 L=1024 R=4 d=1 l=4.75 u8,5000,3.7216,483.2,9.8
4,CSV,PHast-R S=8 L=1024 R=4 d=2 l=4.75 u8,5000,3.6384,506.4,9.9
5,CSV,ref plus S=8 l=5.25,5000,3.2768,256.2,10.5
5,CSV,ref w3 S=8 l=5,5000,3.2688,289.2,9.6
5,CSV,ref phast S=8 l=4.5,5000,2.6976,919.5,5.1
5,CSV,PHast-R S=8 L=1024 R=4 d=1 l=4.75 u8,5000,3.7216,465.1,9.8
5,CSV,PHast-R S=8 L=1024 R=4 d=2 l=4.75 u8,5000,3.6384,569.1,9.9
1,CSV,ref plus S=8 l=5.25,7000,2.9737,216.1,9.5
1,CSV,ref w3 S=8 l=5,7000,2.9874,263.5,8.9
1,CSV,ref phast S=8 l=4.5,7000,2.5669,1051.1,5.3
1,CSV,PHast-R S=8 L=1024 R=4 d=1 l=4.75 u8,7000,3.2617,414.8,8.7
1,CSV,PHast-R S=8 L=1024 R=4 d=2 l=4.75 u8,7000,3.2286,589.7,8.9
2,CSV,ref plus S=8 l=5.25,7000,2.9737,219.3,9.6
2,CSV,ref w3 S=8 l=5,7000,2.9874,265.9,8.9
2,CSV,ref phast S=8 l=4.5,7000,2.5669,1080.0,5.2
2,CSV,PHast-R S=8 L=1024 R=4 d=1 l=4.75 u8,7000,3.2617,397.7,8.7
2,CSV,PHast-R S=8 L=1024 R=4 d=2 l=4.75 u8,7000,3.2286,601.8,8.7
3,CSV,ref plus S=8 l=5.25,7000,2.9737,220.4,9.3
3,CSV,ref w3 S=8 l=5,7000,2.9874,255.3,8.8
3,CSV,ref phast S=8 l=4.5,7000,2.5669,1049.5,5.2
3,CSV,PHast-R S=8 L=1024 R=4 d=1 l=4.75 u8,7000,3.2617,390.4,8.6
3,CSV,PHast-R S=8 L=1024 R=4 d=2 l=4.75 u8,7000,3.2286,550.0,8.7
4,CSV,ref plus S=8 l=5.25,7000,2.9737,218.6,9.4
4,CSV,ref w3 S=8 l=5,7000,2.9874,255.4,8.8
4,CSV,ref phast S=8 l=4.5,7000,2.5669,1049.6,5.2
4,CSV,PHast-R S=8 L=1024 R=4 d=1 l=4.75 u8,7000,3.2617,401.4,8.5
4,CSV,PHast-R S=8 L=1024 R=4 d=2 l=4.75 u8,7000,3.2286,541.9,8.9
5,CSV,ref plus S=8 l=5.25,7000,2.9737,218.8,9.3
5,CSV,ref w3 S=8 l=5,7000,2.9874,269.4,8.8
5,CSV,ref phast S=8 l=4.5,7000,2.5669,1042.2,5.2
5,CSV,PHast-R S=8 L=1024 R=4 d=1 l=4.75 u8,7000,3.2617,391.4,8.5
5,CSV,PHast-R S=8 L=1024 R=4 d=2 l=4.75 u8,7000,3.2286,545.1,8.7
1,CSV,ref plus S=8 l=5.25,10000,2.7128,188.6,8.3
1,CSV,ref w3 S=8 l=5,10000,2.7040,311.9,7.7
1,CSV,ref phast S=8 l=4.5,10000,2.3944,853.9,5.1
1,CSV,PHast-R S=8 L=1024 R=4 d=1 l=4.75 u8,10000,2.8984,285.7,7.8
1,CSV,PHast-R S=8 L=1024 R=4 d=2 l=4.75 u8,10000,2.8864,390.0,7.6
2,CSV,ref plus S=8 l=5.25,10000,2.7128,191.6,8.4
2,CSV,ref w3 S=8 l=5,10000,2.7040,314.4,7.7
2,CSV,ref phast S=8 l=4.5,10000,2.3944,855.4,5.1
2,CSV,PHast-R S=8 L=1024 R=4 d=1 l=4.75 u8,10000,2.8984,289.0,7.8
2,CSV,PHast-R S=8 L=1024 R=4 d=2 l=4.75 u8,10000,2.8864,388.1,8.0
3,CSV,ref plus S=8 l=5.25,10000,2.7128,195.3,8.4
3,CSV,ref w3 S=8 l=5,10000,2.7040,316.6,7.6
3,CSV,ref phast S=8 l=4.5,10000,2.3944,853.4,5.2
3,CSV,PHast-R S=8 L=1024 R=4 d=1 l=4.75 u8,10000,2.8984,289.2,7.8
3,CSV,PHast-R S=8 L=1024 R=4 d=2 l=4.75 u8,10000,2.8864,386.2,7.7
4,CSV,ref plus S=8 l=5.25,10000,2.7128,202.7,8.4
4,CSV,ref w3 S=8 l=5,10000,2.7040,322.2,7.7
4,CSV,ref phast S=8 l=4.5,10000,2.3944,852.7,5.2
4,CSV,PHast-R S=8 L=1024 R=4 d=1 l=4.75 u8,10000,2.8984,289.7,7.9
4,CSV,PHast-R S=8 L=1024 R=4 d=2 l=4.75 u8,10000,2.8864,388.8,7.8
5,CSV,ref plus S=8 l=5.25,10000,2.7128,190.7,8.5
5,CSV,ref w3 S=8 l=5,10000,2.7040,315.1,7.7
5,CSV,ref phast S=8 l=4.5,10000,2.3944,855.8,5.2
5,CSV,PHast-R S=8 L=1024 R=4 d=1 l=4.75 u8,10000,2.8984,291.8,7.9
5,CSV,PHast-R S=8 L=1024 R=4 d=2 l=4.75 u8,10000,2.8864,387.8,7.7
1,CSV,ref plus S=8 l=5.25,20000,2.4912,176.8,7.8
1,CSV,ref w3 S=8 l=5,20000,2.3948,200.3,6.8
1,CSV,ref phast S=8 l=4.5,20000,2.2388,818.4,5.1
1,CSV,PHast-R S=8 L=1024 R=4 d=1 l=4.75 u8,20000,2.4720,251.6,6.7
1,CSV,PHast-R S=8 L=1024 R=4 d=2 l=4.75 u8,20000,2.4576,350.3,6.6
2,CSV,ref plus S=8 l=5.25,20000,2.4912,182.6,7.7
2,CSV,ref w3 S=8 l=5,20000,2.3948,206.9,6.8
2,CSV,ref phast S=8 l=4.5,20000,2.2388,812.8,5.1
2,CSV,PHast-R S=8 L=1024 R=4 d=1 l=4.75 u8,20000,2.4720,267.2,6.7
2,CSV,PHast-R S=8 L=1024 R=4 d=2 l=4.75 u8,20000,2.4576,332.9,6.7
3,CSV,ref plus S=8 l=5.25,20000,2.4912,169.8,7.9
3,CSV,ref w3 S=8 l=5,20000,2.3948,208.4,6.8
3,CSV,ref phast S=8 l=4.5,20000,2.2388,835.0,5.2
3,CSV,PHast-R S=8 L=1024 R=4 d=1 l=4.75 u8,20000,2.4720,248.7,6.8
3,CSV,PHast-R S=8 L=1024 R=4 d=2 l=4.75 u8,20000,2.4576,335.9,6.7
4,CSV,ref plus S=8 l=5.25,20000,2.4912,170.6,7.7
4,CSV,ref w3 S=8 l=5,20000,2.3948,203.3,6.8
4,CSV,ref phast S=8 l=4.5,20000,2.2388,805.3,5.1
4,CSV,PHast-R S=8 L=1024 R=4 d=1 l=4.75 u8,20000,2.4720,249.4,6.8
4,CSV,PHast-R S=8 L=1024 R=4 d=2 l=4.75 u8,20000,2.4576,337.9,6.7
5,CSV,ref plus S=8 l=5.25,20000,2.4912,168.8,7.8
5,CSV,ref w3 S=8 l=5,20000,2.3948,198.9,7.0
5,CSV,ref phast S=8 l=4.5,20000,2.2388,803.9,5.1
5,CSV,PHast-R S=8 L=1024 R=4 d=1 l=4.75 u8,20000,2.4720,267.0,6.7
5,CSV,PHast-R S=8 L=1024 R=4 d=2 l=4.75 u8,20000,2.4576,368.5,6.7
1,CSV,ref plus S=8 l=5.25,50000,2.3246,156.9,7.7
1,CSV,ref w3 S=8 l=5,50000,2.1722,174.3,6.5
1,CSV,ref phast S=8 l=4.5,50000,2.0782,833.9,5.2
1,CSV,PHast-R S=8 L=1024 R=4 d=1 l=4.75 u8,50000,2.2314,237.6,6.3
1,CSV,PHast-R S=8 L=1024 R=4 d=2 l=4.75 u8,50000,2.1848,278.6,6.3
2,CSV,ref plus S=8 l=5.25,50000,2.3246,151.1,7.8
2,CSV,ref w3 S=8 l=5,50000,2.1722,171.5,6.5
2,CSV,ref phast S=8 l=4.5,50000,2.0782,825.8,5.3
2,CSV,PHast-R S=8 L=1024 R=4 d=1 l=4.75 u8,50000,2.2314,228.6,6.4
2,CSV,PHast-R S=8 L=1024 R=4 d=2 l=4.75 u8,50000,2.1848,275.6,6.5
3,CSV,ref plus S=8 l=5.25,50000,2.3246,155.2,7.7
3,CSV,ref w3 S=8 l=5,50000,2.1722,188.2,6.4
3,CSV,ref phast S=8 l=4.5,50000,2.0782,838.0,5.3
3,CSV,PHast-R S=8 L=1024 R=4 d=1 l=4.75 u8,50000,2.2314,236.9,6.5
3,CSV,PHast-R S=8 L=1024 R=4 d=2 l=4.75 u8,50000,2.1848,274.6,6.3
4,CSV,ref plus S=8 l=5.25,50000,2.3246,151.0,7.6
4,CSV,ref w3 S=8 l=5,50000,2.1722,171.6,6.3
4,CSV,ref phast S=8 l=4.5,50000,2.0782,827.4,5.4
4,CSV,PHast-R S=8 L=1024 R=4 d=1 l=4.75 u8,50000,2.2314,228.6,6.4
4,CSV,PHast-R S=8 L=1024 R=4 d=2 l=4.75 u8,50000,2.1848,275.3,6.2
5,CSV,ref plus S=8 l=5.25,50000,2.3246,156.9,7.8
5,CSV,ref w3 S=8 l=5,50000,2.1722,173.1,6.5
5,CSV,ref phast S=8 l=4.5,50000,2.0782,840.0,5.2
5,CSV,PHast-R S=8 L=1024 R=4 d=1 l=4.75 u8,50000,2.2314,230.8,6.6
5,CSV,PHast-R S=8 L=1024 R=4 d=2 l=4.75 u8,50000,2.1848,282.2,6.2
