1,CSV,PHast-R S=8 L=1024 R=1 l=4.25 u8,10000000,2.0627,87.9,6.0,5.9,6.1,87.4,88.1,1.79
1,CSV,PHast-R S=8 L=1024 R=2 l=4.25 u8,10000000,1.9541,85.6,5.0,5.0,5.2,85.6,85.7,0.62
1,CSV,PHast-R S=8 L=1024 R=4 l=4.25 u8,10000000,1.9432,65.5,4.1,4.1,4.1,65.5,65.7,0.51
1,CSV,PHast-R S=10 L=2048 R=1 l=5.75 bfvu,10000000,1.8796,118.6,6.3,6.2,6.5,118.3,120.6,1.36
1,CSV,PHast-R S=10 L=2048 R=2 l=5.75 bfvu,10000000,1.8273,117.2,5.8,5.8,5.9,117.2,117.3,0.78
1,CSV,PHast-R S=10 L=2048 R=4 l=5.75 bfvu,10000000,1.8238,126.8,5.2,5.1,5.2,126.8,126.9,0.74
1,CSV,PHast-R S=8 L=1024 R=1 l=4.25 u8,100000000,2.0601,92.5,14.5,14.5,14.5,92.4,92.6,1.79
1,CSV,PHast-R S=8 L=1024 R=2 l=4.25 u8,100000000,1.9531,91.6,13.3,13.3,13.3,91.5,91.8,0.62
1,CSV,PHast-R S=8 L=1024 R=4 l=4.25 u8,100000000,1.9422,71.4,11.4,11.3,11.6,71.0,71.5,0.51
1,CSV,PHast-R S=10 L=2048 R=1 l=5.75 bfvu,100000000,1.8768,123.9,13.7,13.7,13.8,123.4,123.9,1.35
1,CSV,PHast-R S=10 L=2048 R=2 l=5.75 bfvu,100000000,1.8247,122.8,12.9,12.9,12.9,122.7,122.9,0.78
1,CSV,PHast-R S=10 L=2048 R=4 l=5.75 bfvu,100000000,1.8200,132.3,11.7,11.7,11.7,132.1,132.4,0.73
done
