1,CSV,ref plus S=8 l=5,10000000,2.1235,55.2,7.5,7.5,7.5,54.9,56.5,6.47
1,CSV,ref plus S=8 l=5.25,10000000,2.1169,55.1,8.0,8.0,8.0,55.0,55.3,7.61
1,CSV,ref plus S=8 l=5.5,10000000,2.1214,55.8,8.6,8.6,8.6,55.7,55.8,8.80
1,CSV,ref w1p S=8 l=5,10000000,2.0490,81.6,6.6,6.6,6.6,81.5,81.7,5.41
1,CSV,ref w1p S=8 l=5.25,10000000,2.0429,82.6,7.3,7.2,7.3,82.5,82.6,6.49
1,CSV,ref w1p S=8 l=5.5,10000000,2.0452,83.7,7.8,7.8,7.9,83.6,83.7,7.67
1,CSV,ref w2p S=8 l=4.75,10000000,2.0099,85.0,5.8,5.8,5.8,85.0,85.1,3.70
1,CSV,ref w2p S=8 l=5,10000000,2.0013,86.0,6.3,6.3,6.3,85.9,86.0,4.77
1,CSV,ref w2p S=8 l=5.25,10000000,2.0082,87.2,7.0,7.0,7.0,87.2,87.3,5.94
1,CSV,ref w3p S=8 l=4.5,10000000,1.9859,101.1,5.2,5.1,5.2,100.8,101.3,2.17
1,CSV,ref w3p S=8 l=4.75,10000000,1.9635,101.8,5.6,5.6,5.7,101.8,101.8,3.06
1,CSV,ref w3p S=8 l=5,10000000,1.9564,103.4,6.1,6.1,6.2,103.3,103.4,4.16
1,CSV,ref w3p S=8 l=5.25,10000000,1.9665,104.6,6.7,6.7,6.7,104.5,104.6,5.38
1,CSV,ref w3p S=8 l=5.5,10000000,1.9792,106.5,7.5,7.5,7.6,106.3,106.6,6.64
1,CSV,ref phast S=8 l=4.25,10000000,1.9230,805.3,4.5,4.5,4.5,804.8,805.4,0.32
1,CSV,ref phast S=8 l=4.5,10000000,1.8872,746.1,4.9,4.9,4.9,745.8,746.6,1.03
1,CSV,ref phast S=8 l=4.75,10000000,1.8916,709.2,5.5,5.5,5.5,709.1,709.4,2.18
1,CSV,PHast-R S=8 L=1024 R=4 l=4 u8,10000000,2.0353,74.8,4.1,4.1,4.1,74.8,75.0,0.27
1,CSV,PHast-R S=8 L=1024 R=4 l=4.25 u8,10000000,1.9432,65.2,4.2,4.2,4.2,65.2,65.2,0.51
1,CSV,PHast-R S=8 L=1024 R=4 l=4.5 u8,10000000,1.9026,59.3,4.5,4.5,4.7,59.3,59.4,1.19
1,CSV,PHast-R S=8 L=1024 R=4 l=4.75 u8,10000000,1.8998,56.3,5.1,5.1,5.2,56.3,56.4,2.28
1,CSV,PHast-R S=8 L=1024 R=4 l=5 u8,10000000,1.9095,55.6,5.8,5.8,5.9,55.6,55.6,3.51
1,CSV,ref plus S=10 l=4.9,10000000,2.1621,57.6,7.4,7.3,7.4,57.1,58.2,1.11
1,CSV,ref plus S=10 l=5.15,10000000,2.0855,57.5,7.4,7.4,7.4,57.5,57.8,1.36
1,CSV,ref plus S=10 l=5.4,10000000,2.0329,58.3,7.6,7.6,7.6,58.3,58.4,1.81
1,CSV,ref w1p S=10 l=5.95,10000000,1.8946,89.6,7.5,7.5,7.5,89.5,89.7,2.26
1,CSV,ref w1p S=10 l=6.2,10000000,1.8913,90.8,8.0,8.0,8.0,90.8,90.8,3.07
1,CSV,ref w1p S=10 l=6.45,10000000,1.8941,92.4,8.5,8.5,8.5,92.4,92.4,4.00
1,CSV,ref w2p S=10 l=6,10000000,1.8524,129.2,7.4,7.3,7.4,129.1,129.2,1.91
1,CSV,ref w2p S=10 l=6.25,10000000,1.8515,131.4,7.8,7.8,7.8,131.4,131.5,2.74
1,CSV,ref w2p S=10 l=6.5,10000000,1.8621,133.6,8.4,8.4,8.4,133.5,133.7,3.73
1,CSV,ref w3p S=10 l=5.5,10000000,1.8940,133.9,6.9,6.9,6.9,133.9,134.2,0.64
1,CSV,ref w3p S=10 l=5.75,10000000,1.8576,139.1,7.1,7.1,7.2,139.1,139.1,1.11
1,CSV,ref w3p S=10 l=6,10000000,1.8522,142.7,7.5,7.5,7.5,142.7,142.8,1.89
1,CSV,ref w3p S=10 l=6.25,10000000,1.8619,146.0,8.0,7.9,8.0,146.0,146.0,2.84
1,CSV,ref w3p S=10 l=6.5,10000000,1.8728,149.0,8.5,8.5,8.5,149.0,149.1,3.85
1,CSV,ref phast S=10 l=5.55,10000000,1.8356,2434.4,7.3,7.3,7.3,2434.2,2434.7,0.26
1,CSV,ref phast S=10 l=5.8,10000000,1.8138,2244.1,7.6,7.5,7.6,2244.0,2244.6,0.81
1,CSV,ref phast S=10 l=6.05,10000000,1.8213,2122.1,8.0,8.0,8.1,2122.1,2122.2,1.69
1,CSV,PHast-R S=10 L=2048 R=4 l=5.5 bfvu,10000000,1.8564,139.7,5.0,5.0,5.0,139.6,140.8,0.29
1,CSV,PHast-R S=10 L=2048 R=4 l=5.75 bfvu,10000000,1.8238,124.7,5.2,5.2,5.2,124.5,124.7,0.74
1,CSV,PHast-R S=10 L=2048 R=4 l=6 bfvu,10000000,1.8231,118.0,5.7,5.7,5.8,116.6,118.1,1.54
1,CSV,PHast-R S=10 L=2048 R=4 l=6.25 bfvu,10000000,1.8329,113.8,6.3,6.3,6.3,113.8,113.8,2.51
1,CSV,PHast-R S=10 L=2048 R=4 l=6.5 bfvu,10000000,1.8495,112.8,6.9,6.9,6.9,112.4,112.9,3.55
1,CSV,ref plus S=8 l=5,100000000,2.1227,59.2,15.6,15.5,15.7,59.2,59.4,6.48
1,CSV,ref plus S=8 l=5.25,100000000,2.1156,59.3,16.3,16.3,16.4,59.2,59.3,7.61
1,CSV,ref plus S=8 l=5.5,100000000,2.1200,59.5,17.2,17.2,17.4,59.5,59.6,8.81
1,CSV,ref w1p S=8 l=5,100000000,2.0484,85.9,14.1,14.0,14.1,85.9,85.9,5.41
1,CSV,ref w1p S=8 l=5.25,100000000,2.0427,86.1,14.9,14.8,14.9,86.1,86.2,6.50
1,CSV,ref w1p S=8 l=5.5,100000000,2.0447,87.6,15.8,15.8,15.9,87.6,87.6,7.67
1,CSV,ref w2p S=8 l=4.75,100000000,2.0079,90.0,13.3,13.2,13.3,89.8,90.2,3.68
1,CSV,ref w2p S=8 l=5,100000000,1.9992,90.3,13.6,13.6,13.7,90.2,90.3,4.76
1,CSV,ref w2p S=8 l=5.25,100000000,2.0057,91.2,14.5,14.4,14.7,91.2,91.2,5.92
1,CSV,ref w3p S=8 l=4.5,100000000,1.9846,106.2,12.7,12.7,12.7,106.2,106.2,2.17
1,CSV,ref w3p S=8 l=4.75,100000000,1.9624,106.8,13.1,13.0,13.1,106.8,106.9,3.06
1,CSV,ref w3p S=8 l=5,100000000,1.9548,107.2,13.2,13.2,13.2,107.1,107.3,4.15
1,CSV,ref w3p S=8 l=5.25,100000000,1.9642,108.4,14.0,13.9,14.0,108.4,108.4,5.36
1,CSV,ref w3p S=8 l=5.5,100000000,1.9778,110.2,15.4,15.3,15.4,110.1,110.2,6.64
1,CSV,ref phast S=8 l=4.25,100000000,1.9222,813.2,12.2,12.2,12.3,813.0,813.3,0.32
1,CSV,ref phast S=8 l=4.5,100000000,1.8850,752.5,12.7,12.7,13.0,752.5,752.7,1.01
1,CSV,ref phast S=8 l=4.75,100000000,1.8890,714.4,13.1,13.1,13.1,714.2,714.6,2.17
1,CSV,PHast-R S=8 L=1024 R=4 l=4 u8,100000000,2.0346,81.4,11.4,11.4,11.5,81.1,81.5,0.27
1,CSV,PHast-R S=8 L=1024 R=4 l=4.25 u8,100000000,1.9422,72.2,11.4,11.4,11.4,71.0,72.3,0.51
1,CSV,PHast-R S=8 L=1024 R=4 l=4.5 u8,100000000,1.9020,65.6,11.6,11.6,11.7,65.5,66.0,1.20
1,CSV,PHast-R S=8 L=1024 R=4 l=4.75 u8,100000000,1.8977,62.2,12.3,12.3,12.4,62.2,62.2,2.27
1,CSV,PHast-R S=8 L=1024 R=4 l=5 u8,100000000,1.9079,62.4,12.9,12.9,12.9,61.3,62.8,3.51
1,CSV,ref plus S=10 l=4.9,100000000,2.1584,62.9,18.4,18.3,18.4,62.6,63.0,1.09
1,CSV,ref plus S=10 l=5.15,100000000,2.0826,62.2,17.5,17.4,17.5,62.2,62.3,1.36
1,CSV,ref plus S=10 l=5.4,100000000,2.0290,62.9,17.7,17.5,17.9,62.7,63.0,1.79
1,CSV,ref w1p S=10 l=5.95,100000000,1.8919,94.1,16.8,16.7,16.8,94.1,94.2,2.25
1,CSV,ref w1p S=10 l=6.2,100000000,1.8886,94.5,16.8,16.8,16.9,94.5,95.0,3.06
1,CSV,ref w1p S=10 l=6.45,100000000,1.8910,95.7,17.7,17.7,17.9,95.7,95.8,3.99
1,CSV,ref w2p S=10 l=6,100000000,1.8498,133.5,16.1,16.0,16.1,133.4,133.6,1.91
1,CSV,ref w2p S=10 l=6.25,100000000,1.8490,135.0,15.8,15.8,15.9,135.0,135.0,2.73
1,CSV,ref w2p S=10 l=6.5,100000000,1.8581,137.5,17.6,17.5,17.8,137.4,138.2,3.70
1,CSV,ref w3p S=10 l=5.5,100000000,1.8900,138.7,15.6,15.6,15.7,138.7,138.7,0.63
1,CSV,ref w3p S=10 l=5.75,100000000,1.8526,143.2,15.5,15.4,15.6,143.2,143.2,1.08
1,CSV,ref w3p S=10 l=6,100000000,1.8469,146.9,16.1,16.1,16.1,146.8,146.9,1.87
1,CSV,ref w3p S=10 l=6.25,100000000,1.8556,150.1,17.1,17.1,17.1,150.1,150.2,2.81
1,CSV,ref w3p S=10 l=6.5,100000000,1.8675,153.0,18.3,18.2,18.3,153.0,153.1,3.83
1,CSV,ref phast S=10 l=5.55,100000000,1.8336,2451.1,16.1,16.0,16.1,2451.0,2451.3,0.25
1,CSV,ref phast S=10 l=5.8,100000000,1.8102,2251.2,16.1,16.0,16.3,2251.1,2251.3,0.78
1,CSV,ref phast S=10 l=6.05,100000000,1.8162,2128.0,16.7,16.6,16.7,2127.9,2128.1,1.66
1,CSV,PHast-R S=10 L=2048 R=4 l=5.5 bfvu,100000000,1.8535,146.0,11.8,11.7,11.8,145.9,146.0,0.28
1,CSV,PHast-R S=10 L=2048 R=4 l=5.75 bfvu,100000000,1.8200,133.0,11.9,11.8,11.9,130.0,133.1,0.73
1,CSV,PHast-R S=10 L=2048 R=4 l=6 bfvu,100000000,1.8189,122.6,12.4,12.4,12.4,122.6,122.8,1.52
1,CSV,PHast-R S=10 L=2048 R=4 l=6.25 bfvu,100000000,1.8295,119.6,13.2,13.1,13.2,119.6,119.6,2.49
1,CSV,PHast-R S=10 L=2048 R=4 l=6.5 bfvu,100000000,1.8463,118.5,14.3,14.2,14.5,118.5,118.6,3.54
8,CSV,ref plus S=8 l=5.25,10000000,2.1176,12.2,34.2,34.2,34.2,12.1,12.7,7.61
8,CSV,ref w1p S=8 l=5.25,10000000,2.0444,15.2,31.1,31.1,31.1,15.2,15.4,6.50
8,CSV,ref w2p S=8 l=5,10000000,2.0043,15.4,24.1,24.1,24.1,15.4,15.5,4.79
8,CSV,ref w3p S=8 l=5,10000000,1.9593,17.5,24.9,24.9,24.9,17.5,17.5,4.18
8,CSV,ref phast S=8 l=4.5,10000000,1.8919,99.7,19.8,19.8,19.8,99.6,99.8,1.07
8,CSV,PHast-R S=8 L=1024 R=4 l=4.25 u8,10000000,1.9458,10.1,15.9,15.9,15.9,9.8,10.2,0.54
8,CSV,PHast-R S=8 L=1024 R=4 l=4.5 u8,10000000,1.9055,9.8,18.0,18.0,18.0,9.8,9.9,1.23
8,CSV,PHast-R S=8 L=1024 R=4 l=4.75 u8,10000000,1.9018,8.8,19.9,19.9,19.9,8.7,8.8,2.30
8,CSV,ref plus S=10 l=5.15,10000000,2.0922,11.8,31.2,31.2,31.2,11.8,11.9,1.41
8,CSV,ref w1p S=10 l=6.2,10000000,1.8970,15.6,36.3,36.3,36.3,15.6,15.7,3.11
8,CSV,ref w2p S=10 l=6.25,10000000,1.8586,20.8,32.6,32.6,32.6,20.8,20.9,2.78
8,CSV,ref w3p S=10 l=6,10000000,1.8665,22.8,29.3,29.3,29.3,22.7,22.9,1.98
8,CSV,ref phast S=10 l=5.8,10000000,1.8234,297.3,31.3,31.3,31.3,297.3,297.4,0.92
8,CSV,PHast-R S=10 L=2048 R=4 l=5.75 bfvu,10000000,1.8285,18.7,21.5,21.5,21.5,18.6,18.7,0.79
8,CSV,PHast-R S=10 L=2048 R=4 l=6 bfvu,10000000,1.8266,17.7,22.7,22.7,22.7,17.7,17.7,1.59
8,CSV,PHast-R S=10 L=2048 R=4 l=6.25 bfvu,10000000,1.8367,18.4,7.6,7.6,7.6,18.3,18.5,2.55
8,CSV,ref plus S=8 l=5.25,100000000,2.1156,12.2,44.3,44.3,44.3,12.1,12.3,7.61
8,CSV,ref w1p S=8 l=5.25,100000000,2.0432,15.4,40.7,40.7,40.7,15.3,15.4,6.50
8,CSV,ref w2p S=8 l=5,100000000,1.9998,15.7,36.7,36.7,36.7,15.6,15.7,4.76
8,CSV,ref w3p S=8 l=5,100000000,1.9554,17.9,38.3,38.3,38.3,17.8,17.9,4.16
8,CSV,ref phast S=8 l=4.5,100000000,1.8859,98.8,28.9,28.9,28.9,98.7,98.8,1.02
8,CSV,PHast-R S=8 L=1024 R=4 l=4.25 u8,100000000,1.9427,9.8,25.3,25.3,25.3,9.8,10.3,0.52
8,CSV,PHast-R S=8 L=1024 R=4 l=4.5 u8,100000000,1.9024,9.5,25.3,25.3,25.3,9.3,9.6,1.20
8,CSV,PHast-R S=8 L=1024 R=4 l=4.75 u8,100000000,1.8979,9.3,29.8,29.8,29.8,9.2,9.3,2.27
8,CSV,ref plus S=10 l=5.15,100000000,2.0832,12.0,46.3,46.3,46.3,11.9,12.0,1.36
8,CSV,ref w1p S=10 l=6.2,100000000,1.8895,15.8,45.0,45.0,45.0,15.7,15.8,3.06
8,CSV,ref w2p S=10 l=6.25,100000000,1.8498,20.8,45.2,45.2,45.2,20.8,20.9,2.74
8,CSV,ref w3p S=10 l=6,100000000,1.8485,22.3,42.2,42.2,42.2,22.3,22.5,1.88
8,CSV,ref phast S=10 l=5.8,100000000,1.8123,288.1,40.7,40.7,40.7,288.0,288.1,0.80
8,CSV,PHast-R S=10 L=2048 R=4 l=5.75 bfvu,100000000,1.8209,17.6,29.7,29.7,29.7,17.6,17.6,0.74
8,CSV,PHast-R S=10 L=2048 R=4 l=6 bfvu,100000000,1.8199,16.8,32.1,32.1,32.1,16.8,17.0,1.53
8,CSV,PHast-R S=10 L=2048 R=4 l=6.25 bfvu,100000000,1.8303,16.8,26.2,26.2,26.2,16.8,16.9,2.50
done
