1,CSV,ref plus S=8 l=5.25,10000000,2.1174,56.2,48.1,48.1,48.1,56.2,56.2,7.61
1,CSV,ref w1 S=8 l=5.25,10000000,2.0958,71.3,34.5,34.5,34.5,71.3,71.3,7.29
1,CSV,ref w2 S=8 l=5,10000000,2.0116,83.3,29.6,29.6,29.6,83.3,83.3,4.90
1,CSV,ref w3 S=8 l=5,10000000,1.9698,95.9,29.2,29.2,29.2,95.9,95.9,4.34
1,CSV,ref phast S=8 l=4.5,10000000,1.9218,710.3,23.7,23.7,23.7,710.3,710.3,1.40
1,CSV,PHast-R S=8 L=1024 R=4 l=4.5 u8,10000000,1.9291,52.3,21.8,21.8,21.8,52.3,52.3,1.48
1,CSV,PHast-R S=8 L=1024 R=4 l=4.75 u8,10000000,1.9209,52.0,23.5,23.5,23.5,52.0,52.0,2.54
1,CSV,PHast-R S=8 L=1024 R=4 l=5 u8,10000000,1.9259,50.9,25.8,25.8,25.8,50.9,50.9,3.74
1,CSV,ref plus S=10 l=5.15,10000000,2.0861,57.8,33.7,33.7,33.7,57.8,57.8,1.37
1,CSV,ref w1 S=10 l=6.2,10000000,1.9052,83.9,33.5,33.5,33.5,83.9,83.9,3.26
1,CSV,ref w2 S=10 l=5.9,10000000,1.8843,116.4,33.6,33.6,33.6,116.4,116.4,1.95
1,CSV,ref w3 S=10 l=6,10000000,1.8732,157.8,33.1,33.1,33.1,157.8,157.8,2.17
1,CSV,ref phast S=10 l=6.05,10000000,1.8538,2171.0,37.5,37.5,37.5,2171.0,2171.0,2.12
1,CSV,PHast-R S=10 L=2048 R=4 l=5.75 bfvu,10000000,1.8580,116.3,24.9,24.9,24.9,116.3,116.3,1.12
1,CSV,PHast-R S=10 L=2048 R=4 l=6 bfvu,10000000,1.8520,113.0,27.3,27.3,27.3,113.0,113.0,1.90
1,CSV,PHast-R S=10 L=2048 R=4 l=6.25 bfvu,10000000,1.8573,108.1,11.2,11.2,11.2,108.1,108.1,2.80
2,CSV,ref plus S=8 l=5.25,10000000,2.1171,56.1,50.2,50.2,50.2,56.1,56.1,7.61
2,CSV,ref w1 S=8 l=5.25,10000000,2.0967,68.2,39.2,39.2,39.2,68.2,68.2,7.31
2,CSV,ref w2 S=8 l=5,10000000,2.0122,80.3,28.2,28.2,28.2,80.3,80.3,4.91
2,CSV,ref w3 S=8 l=5,10000000,1.9701,93.1,27.0,27.0,27.0,93.1,93.1,4.35
2,CSV,ref phast S=8 l=4.5,10000000,1.9223,710.7,23.5,23.5,23.5,710.7,710.7,1.41
2,CSV,PHast-R S=8 L=1024 R=4 l=4.5 u8,10000000,1.9295,52.6,21.8,21.8,21.8,52.6,52.6,1.49
2,CSV,PHast-R S=8 L=1024 R=4 l=4.75 u8,10000000,1.9218,50.9,21.8,21.8,21.8,50.9,50.9,2.55
2,CSV,PHast-R S=8 L=1024 R=4 l=5 u8,10000000,1.9259,50.8,27.8,27.8,27.8,50.8,50.8,3.74
2,CSV,ref plus S=10 l=5.15,10000000,2.0867,57.8,33.0,33.0,33.0,57.8,57.8,1.38
2,CSV,ref w1 S=10 l=6.2,10000000,1.9058,83.9,35.7,35.7,35.7,83.9,83.9,3.27
2,CSV,ref w2 S=10 l=5.9,10000000,1.8846,116.8,32.5,32.5,32.5,116.8,116.8,1.96
2,CSV,ref w3 S=10 l=6,10000000,1.8729,157.9,31.6,31.6,31.6,157.9,157.9,2.16
2,CSV,ref phast S=10 l=6.05,10000000,1.8535,2173.3,39.9,39.9,39.9,2173.3,2173.3,2.12
2,CSV,PHast-R S=10 L=2048 R=4 l=5.75 bfvu,10000000,1.8581,113.3,27.4,27.4,27.4,113.3,113.3,1.12
2,CSV,PHast-R S=10 L=2048 R=4 l=6 bfvu,10000000,1.8523,109.4,25.8,25.8,25.8,109.4,109.4,1.91
2,CSV,PHast-R S=10 L=2048 R=4 l=6.25 bfvu,10000000,1.8575,109.5,11.0,11.0,11.0,109.5,109.5,2.81
3,CSV,ref plus S=8 l=5.25,10000000,2.1170,56.1,49.2,49.2,49.2,56.1,56.1,7.62
3,CSV,ref w1 S=8 l=5.25,10000000,2.0961,68.8,32.8,32.8,32.8,68.8,68.8,7.30
3,CSV,ref w2 S=8 l=5,10000000,2.0121,81.0,27.5,27.5,27.5,81.0,81.0,4.91
3,CSV,ref w3 S=8 l=5,10000000,1.9697,93.8,25.6,25.6,25.6,93.8,93.8,4.34
3,CSV,ref phast S=8 l=4.5,10000000,1.9223,710.5,23.2,23.2,23.2,710.5,710.5,1.41
3,CSV,PHast-R S=8 L=1024 R=4 l=4.5 u8,10000000,1.9288,52.4,20.5,20.5,20.5,52.4,52.4,1.48
3,CSV,PHast-R S=8 L=1024 R=4 l=4.75 u8,10000000,1.9220,54.1,23.1,23.1,23.1,54.1,54.1,2.55
3,CSV,PHast-R S=8 L=1024 R=4 l=5 u8,10000000,1.9262,50.7,27.2,27.2,27.2,50.7,50.7,3.74
3,CSV,ref plus S=10 l=5.15,10000000,2.0858,57.8,36.8,36.8,36.8,57.8,57.8,1.37
3,CSV,ref w1 S=10 l=6.2,10000000,1.9051,83.8,35.7,35.7,35.7,83.8,83.8,3.26
3,CSV,ref w2 S=10 l=5.9,10000000,1.8837,116.6,34.2,34.2,34.2,116.6,116.6,1.94
3,CSV,ref w3 S=10 l=6,10000000,1.8721,157.9,34.4,34.4,34.4,157.9,157.9,2.15
3,CSV,ref phast S=10 l=6.05,10000000,1.8538,2164.3,34.3,34.3,34.3,2164.3,2164.3,2.12
3,CSV,PHast-R S=10 L=2048 R=4 l=5.75 bfvu,10000000,1.8575,113.5,26.1,26.1,26.1,113.5,113.5,1.11
3,CSV,PHast-R S=10 L=2048 R=4 l=6 bfvu,10000000,1.8518,109.5,26.7,26.7,26.7,109.5,109.5,1.90
3,CSV,PHast-R S=10 L=2048 R=4 l=6.25 bfvu,10000000,1.8574,108.0,12.3,12.3,12.3,108.0,108.0,2.81
4,CSV,ref plus S=8 l=5.25,10000000,2.1170,56.2,52.3,52.3,52.3,56.2,56.2,7.61
4,CSV,ref w1 S=8 l=5.25,10000000,2.0966,68.2,36.0,36.0,36.0,68.2,68.2,7.30
4,CSV,ref w2 S=8 l=5,10000000,2.0123,80.5,25.2,25.2,25.2,80.5,80.5,4.91
4,CSV,ref w3 S=8 l=5,10000000,1.9692,92.9,25.7,25.7,25.7,92.9,92.9,4.33
4,CSV,ref phast S=8 l=4.5,10000000,1.9212,710.5,21.9,21.9,21.9,710.5,710.5,1.40
4,CSV,PHast-R S=8 L=1024 R=4 l=4.5 u8,10000000,1.9283,52.4,20.3,20.3,20.3,52.4,52.4,1.47
4,CSV,PHast-R S=8 L=1024 R=4 l=4.75 u8,10000000,1.9214,50.9,23.7,23.7,23.7,50.9,50.9,2.55
4,CSV,PHast-R S=8 L=1024 R=4 l=5 u8,10000000,1.9259,50.9,26.6,26.6,26.6,50.9,50.9,3.74
4,CSV,ref plus S=10 l=5.15,10000000,2.0852,57.8,32.3,32.3,32.3,57.8,57.8,1.36
4,CSV,ref w1 S=10 l=6.2,10000000,1.9050,84.2,35.0,35.0,35.0,84.2,84.2,3.26
4,CSV,ref w2 S=10 l=5.9,10000000,1.8832,117.1,30.7,30.7,30.7,117.1,117.1,1.94
4,CSV,ref w3 S=10 l=6,10000000,1.8719,158.1,31.4,31.4,31.4,158.1,158.1,2.15
4,CSV,ref phast S=10 l=6.05,10000000,1.8531,2171.4,37.3,37.3,37.3,2171.4,2171.4,2.11
4,CSV,PHast-R S=10 L=2048 R=4 l=5.75 bfvu,10000000,1.8573,112.9,25.3,25.3,25.3,112.9,112.9,1.11
4,CSV,PHast-R S=10 L=2048 R=4 l=6 bfvu,10000000,1.8521,109.7,26.9,26.9,26.9,109.7,109.7,1.90
4,CSV,PHast-R S=10 L=2048 R=4 l=6.25 bfvu,10000000,1.8580,108.0,10.1,10.1,10.1,108.0,108.0,2.81
5,CSV,ref plus S=8 l=5.25,10000000,2.1166,56.2,49.5,49.5,49.5,56.2,56.2,7.60
5,CSV,ref w1 S=8 l=5.25,10000000,2.0963,68.4,31.3,31.3,31.3,68.4,68.4,7.30
5,CSV,ref w2 S=8 l=5,10000000,2.0120,80.3,26.6,26.6,26.6,80.3,80.3,4.91
5,CSV,ref w3 S=8 l=5,10000000,1.9700,92.9,25.5,25.5,25.5,92.9,92.9,4.34
5,CSV,ref phast S=8 l=4.5,10000000,1.9226,710.7,22.4,22.4,22.4,710.7,710.7,1.41
5,CSV,PHast-R S=8 L=1024 R=4 l=4.5 u8,10000000,1.9294,52.5,22.8,22.8,22.8,52.5,52.5,1.48
5,CSV,PHast-R S=8 L=1024 R=4 l=4.75 u8,10000000,1.9216,50.7,21.6,21.6,21.6,50.7,50.7,2.55
5,CSV,PHast-R S=8 L=1024 R=4 l=5 u8,10000000,1.9263,50.7,25.4,25.4,25.4,50.7,50.7,3.74
5,CSV,ref plus S=10 l=5.15,10000000,2.0856,58.0,30.5,30.5,30.5,58.0,58.0,1.37
5,CSV,ref w1 S=10 l=6.2,10000000,1.9053,84.0,36.7,36.7,36.7,84.0,84.0,3.26
5,CSV,ref w2 S=10 l=5.9,10000000,1.8831,116.7,32.3,32.3,32.3,116.7,116.7,1.93
5,CSV,ref w3 S=10 l=6,10000000,1.8722,158.1,33.3,33.3,33.3,158.1,158.1,2.16
5,CSV,ref phast S=10 l=6.05,10000000,1.8535,2167.6,34.9,34.9,34.9,2167.6,2167.6,2.12
5,CSV,PHast-R S=10 L=2048 R=4 l=5.75 bfvu,10000000,1.8579,113.0,23.2,23.2,23.2,113.0,113.0,1.12
5,CSV,PHast-R S=10 L=2048 R=4 l=6 bfvu,10000000,1.8523,109.5,27.8,27.8,27.8,109.5,109.5,1.91
5,CSV,PHast-R S=10 L=2048 R=4 l=6.25 bfvu,10000000,1.8581,108.1,11.3,11.3,11.3,108.1,108.1,2.81
6,CSV,ref plus S=8 l=5.25,10000000,2.1166,56.3,49.2,49.2,49.2,56.3,56.3,7.61
6,CSV,ref w1 S=8 l=5.25,10000000,2.0962,68.3,32.7,32.7,32.7,68.3,68.3,7.30
6,CSV,ref w2 S=8 l=5,10000000,2.0118,80.3,28.5,28.5,28.5,80.3,80.3,4.91
6,CSV,ref w3 S=8 l=5,10000000,1.9691,93.0,26.5,26.5,26.5,93.0,93.0,4.33
6,CSV,ref phast S=8 l=4.5,10000000,1.9217,710.4,21.9,21.9,21.9,710.4,710.4,1.40
6,CSV,PHast-R S=8 L=1024 R=4 l=4.5 u8,10000000,1.9291,52.5,21.9,21.9,21.9,52.5,52.5,1.48
6,CSV,PHast-R S=8 L=1024 R=4 l=4.75 u8,10000000,1.9212,50.9,23.4,23.4,23.4,50.9,50.9,2.54
6,CSV,PHast-R S=8 L=1024 R=4 l=5 u8,10000000,1.9250,50.9,26.8,26.8,26.8,50.9,50.9,3.73
6,CSV,ref plus S=10 l=5.15,10000000,2.0866,57.9,32.9,32.9,32.9,57.9,57.9,1.38
6,CSV,ref w1 S=10 l=6.2,10000000,1.9051,84.2,36.6,36.6,36.6,84.2,84.2,3.26
6,CSV,ref w2 S=10 l=5.9,10000000,1.8837,116.9,32.7,32.7,32.7,116.9,116.9,1.94
6,CSV,ref w3 S=10 l=6,10000000,1.8721,158.1,35.2,35.2,35.2,158.1,158.1,2.16
6,CSV,ref phast S=10 l=6.05,10000000,1.8538,2168.4,35.8,35.8,35.8,2168.4,2168.4,2.12
6,CSV,PHast-R S=10 L=2048 R=4 l=5.75 bfvu,10000000,1.8576,113.3,24.6,24.6,24.6,113.3,113.3,1.12
6,CSV,PHast-R S=10 L=2048 R=4 l=6 bfvu,10000000,1.8519,112.7,25.9,25.9,25.9,112.7,112.7,1.90
6,CSV,PHast-R S=10 L=2048 R=4 l=6.25 bfvu,10000000,1.8576,108.7,12.0,12.0,12.0,108.7,108.7,2.80
7,CSV,ref plus S=8 l=5.25,10000000,2.1169,56.1,50.6,50.6,50.6,56.1,56.1,7.61
7,CSV,ref w1 S=8 l=5.25,10000000,2.0967,68.2,37.3,37.3,37.3,68.2,68.2,7.31
7,CSV,ref w2 S=8 l=5,10000000,2.0121,80.4,28.8,28.8,28.8,80.4,80.4,4.91
7,CSV,ref w3 S=8 l=5,10000000,1.9692,92.9,24.8,24.8,24.8,92.9,92.9,4.33
7,CSV,ref phast S=8 l=4.5,10000000,1.9224,710.5,23.6,23.6,23.6,710.5,710.5,1.41
7,CSV,PHast-R S=8 L=1024 R=4 l=4.5 u8,10000000,1.9289,53.7,20.5,20.5,20.5,53.7,53.7,1.48
7,CSV,PHast-R S=8 L=1024 R=4 l=4.75 u8,10000000,1.9204,50.9,21.4,21.4,21.4,50.9,50.9,2.53
7,CSV,PHast-R S=8 L=1024 R=4 l=5 u8,10000000,1.9262,53.9,27.2,27.2,27.2,53.9,53.9,3.74
7,CSV,ref plus S=10 l=5.15,10000000,2.0854,57.8,32.1,32.1,32.1,57.8,57.8,1.37
7,CSV,ref w1 S=10 l=6.2,10000000,1.9053,84.0,36.1,36.1,36.1,84.0,84.0,3.26
7,CSV,ref w2 S=10 l=5.9,10000000,1.8835,116.9,32.6,32.6,32.6,116.9,116.9,1.94
7,CSV,ref w3 S=10 l=6,10000000,1.8725,157.8,33.9,33.9,33.9,157.8,157.8,2.16
7,CSV,ref phast S=10 l=6.05,10000000,1.8528,2168.0,37.0,37.0,37.0,2168.0,2168.0,2.11
7,CSV,PHast-R S=10 L=2048 R=4 l=5.75 bfvu,10000000,1.8578,113.0,27.5,27.5,27.5,113.0,113.0,1.12
7,CSV,PHast-R S=10 L=2048 R=4 l=6 bfvu,10000000,1.8521,113.2,25.9,25.9,25.9,113.2,113.2,1.91
7,CSV,PHast-R S=10 L=2048 R=4 l=6.25 bfvu,10000000,1.8581,108.1,10.6,10.6,10.6,108.1,108.1,2.81
8,CSV,ref plus S=8 l=5.25,10000000,2.1174,56.1,51.0,51.0,51.0,56.1,56.1,7.61
8,CSV,ref w1 S=8 l=5.25,10000000,2.0963,71.1,37.1,37.1,37.1,71.1,71.1,7.30
8,CSV,ref w2 S=8 l=5,10000000,2.0123,83.4,31.5,31.5,31.5,83.4,83.4,4.92
8,CSV,ref w3 S=8 l=5,10000000,1.9689,96.0,30.8,30.8,30.8,96.0,96.0,4.33
8,CSV,ref phast S=8 l=4.5,10000000,1.9214,710.2,22.3,22.3,22.3,710.2,710.2,1.40
8,CSV,PHast-R S=8 L=1024 R=4 l=4.5 u8,10000000,1.9284,52.4,22.9,22.9,22.9,52.4,52.4,1.47
8,CSV,PHast-R S=8 L=1024 R=4 l=4.75 u8,10000000,1.9218,50.9,21.7,21.7,21.7,50.9,50.9,2.55
8,CSV,PHast-R S=8 L=1024 R=4 l=5 u8,10000000,1.9264,50.7,27.1,27.1,27.1,50.7,50.7,3.75
8,CSV,ref plus S=10 l=5.15,10000000,2.0850,58.0,32.2,32.2,32.2,58.0,58.0,1.36
8,CSV,ref w1 S=10 l=6.2,10000000,1.9054,83.9,37.7,37.7,37.7,83.9,83.9,3.26
8,CSV,ref w2 S=10 l=5.9,10000000,1.8824,116.8,37.2,37.2,37.2,116.8,116.8,1.93
8,CSV,ref w3 S=10 l=6,10000000,1.8716,158.2,33.6,33.6,33.6,158.2,158.2,2.15
8,CSV,ref phast S=10 l=6.05,10000000,1.8534,2170.4,35.5,35.5,35.5,2170.4,2170.4,2.11
8,CSV,PHast-R S=10 L=2048 R=4 l=5.75 bfvu,10000000,1.8580,113.1,27.1,27.1,27.1,113.1,113.1,1.12
8,CSV,PHast-R S=10 L=2048 R=4 l=6 bfvu,10000000,1.8518,109.4,27.6,27.6,27.6,109.4,109.4,1.90
8,CSV,PHast-R S=10 L=2048 R=4 l=6.25 bfvu,10000000,1.8575,110.5,11.3,11.3,11.3,110.5,110.5,2.81
9,CSV,ref plus S=8 l=5.25,10000000,2.1174,56.1,49.7,49.7,49.7,56.1,56.1,7.62
9,CSV,ref w1 S=8 l=5.25,10000000,2.0963,71.1,37.8,37.8,37.8,71.1,71.1,7.30
9,CSV,ref w2 S=8 l=5,10000000,2.0127,83.3,27.9,27.9,27.9,83.3,83.3,4.92
9,CSV,ref w3 S=8 l=5,10000000,1.9701,96.0,27.4,27.4,27.4,96.0,96.0,4.34
9,CSV,ref phast S=8 l=4.5,10000000,1.9227,711.0,23.5,23.5,23.5,711.0,711.0,1.41
9,CSV,PHast-R S=8 L=1024 R=4 l=4.5 u8,10000000,1.9292,52.4,22.3,22.3,22.3,52.4,52.4,1.48
9,CSV,PHast-R S=8 L=1024 R=4 l=4.75 u8,10000000,1.9210,50.8,23.0,23.0,23.0,50.8,50.8,2.54
9,CSV,PHast-R S=8 L=1024 R=4 l=5 u8,10000000,1.9265,50.7,25.2,25.2,25.2,50.7,50.7,3.75
9,CSV,ref plus S=10 l=5.15,10000000,2.0852,57.9,31.8,31.8,31.8,57.9,57.9,1.36
9,CSV,ref w1 S=10 l=6.2,10000000,1.9055,83.9,34.4,34.4,34.4,83.9,83.9,3.26
9,CSV,ref w2 S=10 l=5.9,10000000,1.8833,116.9,32.1,32.1,32.1,116.9,116.9,1.94
9,CSV,ref w3 S=10 l=6,10000000,1.8723,157.9,34.5,34.5,34.5,157.9,157.9,2.16
9,CSV,ref phast S=10 l=6.05,10000000,1.8540,2172.4,35.9,35.9,35.9,2172.4,2172.4,2.12
9,CSV,PHast-R S=10 L=2048 R=4 l=5.75 bfvu,10000000,1.8581,112.9,25.2,25.2,25.2,112.9,112.9,1.12
9,CSV,PHast-R S=10 L=2048 R=4 l=6 bfvu,10000000,1.8521,109.3,25.9,25.9,25.9,109.3,109.3,1.90
9,CSV,PHast-R S=10 L=2048 R=4 l=6.25 bfvu,10000000,1.8577,108.2,11.2,11.2,11.2,108.2,108.2,2.81
10,CSV,ref plus S=8 l=5.25,10000000,2.1164,56.2,49.8,49.8,49.8,56.2,56.2,7.60
10,CSV,ref w1 S=8 l=5.25,10000000,2.0963,68.3,33.0,33.0,33.0,68.3,68.3,7.30
10,CSV,ref w2 S=8 l=5,10000000,2.0121,80.4,27.4,27.4,27.4,80.4,80.4,4.91
10,CSV,ref w3 S=8 l=5,10000000,1.9697,92.9,29.5,29.5,29.5,92.9,92.9,4.34
10,CSV,ref phast S=8 l=4.5,10000000,1.9217,710.1,22.5,22.5,22.5,710.1,710.1,1.40
10,CSV,PHast-R S=8 L=1024 R=4 l=4.5 u8,10000000,1.9286,52.5,21.3,21.3,21.3,52.5,52.5,1.47
10,CSV,PHast-R S=8 L=1024 R=4 l=4.75 u8,10000000,1.9212,50.9,21.5,21.5,21.5,50.9,50.9,2.55
10,CSV,PHast-R S=8 L=1024 R=4 l=5 u8,10000000,1.9258,50.8,25.8,25.8,25.8,50.8,50.8,3.74
10,CSV,ref plus S=10 l=5.15,10000000,2.0856,57.7,32.1,32.1,32.1,57.7,57.7,1.37
10,CSV,ref w1 S=10 l=6.2,10000000,1.9055,83.9,38.5,38.5,38.5,83.9,83.9,3.26
10,CSV,ref w2 S=10 l=5.9,10000000,1.8836,116.8,33.8,33.8,33.8,116.8,116.8,1.94
10,CSV,ref w3 S=10 l=6,10000000,1.8722,157.9,34.7,34.7,34.7,157.9,157.9,2.16
10,CSV,ref phast S=10 l=6.05,10000000,1.8533,2170.2,35.7,35.7,35.7,2170.2,2170.2,2.11
10,CSV,PHast-R S=10 L=2048 R=4 l=5.75 bfvu,10000000,1.8579,113.0,25.1,25.1,25.1,113.0,113.0,1.12
10,CSV,PHast-R S=10 L=2048 R=4 l=6 bfvu,10000000,1.8523,109.8,26.4,26.4,26.4,109.8,109.8,1.91
10,CSV,PHast-R S=10 L=2048 R=4 l=6.25 bfvu,10000000,1.8578,108.2,11.4,11.4,11.4,108.2,108.2,2.81
done
