1,CSV,ref plus S=8 l=5.25,10000000,2.1169,80.9,20.2
1,CSV,ref w3p S=8 l=5,10000000,1.9574,122.2,17.8
1,CSV,ref phast S=8 l=4.5,10000000,1.8872,764.6,16.5
1,CSV,PHast-R S=8 L=1024 R=4 l=4.25,10000000,1.9450,74.7,16.0
1,CSV,PHast-R S=8 L=1024 R=4 l=4.5,10000000,1.9047,68.9,16.4
1,CSV,PHast-R S=8 L=1024 R=4 l=4.75,10000000,1.8999,66.7,16.9
1,CSV,ref plus S=8 l=5.25,100000000,2.1151,91.0,39.1
1,CSV,ref w3p S=8 l=5,100000000,1.9550,133.0,35.2
1,CSV,ref phast S=8 l=4.5,100000000,1.8847,775.4,35.2
1,CSV,PHast-R S=8 L=1024 R=4 l=4.25,100000000,1.9416,81.1,33.7
1,CSV,PHast-R S=8 L=1024 R=4 l=4.5,100000000,1.9016,74.0,34.1
1,CSV,PHast-R S=8 L=1024 R=4 l=4.75,100000000,1.8976,73.6,34.7
done
