1,CSV,ref plus S=8 l=5.25,100000000,2.1154,208.5,138.1
1,CSV,ref w3 S=8 l=5,100000000,1.9681,312.4,129.3
1,CSV,ref phast S=8 l=4.5,100000000,1.9205,1478.0,159.6
1,CSV,PHast-R S=8 L=1024 R=4 l=4.5 u8,100000000,1.9272,174.2,125.5
1,CSV,PHast-R S=8 L=1024 R=4 l=4.75 u8,100000000,1.9194,175.0,128.0
8,CSV,ref plus S=8 l=5.25,100000000,2.1155,31.5,38045.6
8,CSV,ref w3 S=8 l=5,100000000,1.9686,47.2,11643.4
8,CSV,PHast-R S=8 L=1024 R=4 l=4.5 u8,100000000,1.9276,27.9,181.9
8,CSV,PHast-R S=8 L=1024 R=4 l=4.75 u8,100000000,1.9198,27.4,70.2
1,CSV,ref plus S=8 l=5.25,1000000000,2.1150,237.6,189.1
1,CSV,ref w3 S=8 l=5,1000000000,1.9680,340.8,172.6
1,CSV,ref phast S=8 l=4.5,1000000000,1.9202,1505.5,175.7
1,CSV,PHast-R S=8 L=1024 R=4 l=4.5 u8,1000000000,1.9268,210.8,161.6
1,CSV,PHast-R S=8 L=1024 R=4 l=4.75 u8,1000000000,1.9193,211.4,166.7
8,CSV,ref plus S=8 l=5.25,1000000000,2.1149,39.0,131114.3
8,CSV,ref w3 S=8 l=5,1000000000,1.9679,54.2,120966.7
8,CSV,PHast-R S=8 L=1024 R=4 l=4.5 u8,1000000000,1.9268,30.0,272.3
8,CSV,PHast-R S=8 L=1024 R=4 l=4.75 u8,1000000000,1.9194,30.2,106.0
done
