0,CSV,ref plus S=8 l=5.25,1000,6.4880,1000.7,20.4
0,CSV,ref w1 S=8 l=5.25,1000,5.7920,395.4,14.3
0,CSV,ref w2 S=8 l=5,1000,5.7040,1131.9,12.4
0,CSV,ref w3 S=8 l=5,1000,5.7040,1172.9,12.1
0,CSV,ref phast S=8 l=4.5,1000,5.0400,972.1,5.9
0,CSV,PHast-R S=8 L=1024 R=4 d=0 l=4.75 u8,1000,6.1120,271.6,10.0
0,CSV,PHast-R S=8 L=1024 R=4 d=1 l=4.75 u8,1000,6.0320,155.1,9.6
0,CSV,PHast-R S=8 L=1024 R=4 d=2 l=4.75 u8,1000,5.9360,357.1,9.1
1,CSV,ref plus S=8 l=5.25,1000,6.3120,551.5,19.4
1,CSV,ref w1 S=8 l=5.25,1000,5.9680,434.2,14.9
1,CSV,ref w2 S=8 l=5,1000,5.8240,399.8,13.3
1,CSV,ref w3 S=8 l=5,1000,5.8080,410.6,13.0
1,CSV,ref phast S=8 l=4.5,1000,4.9520,956.0,5.6
1,CSV,PHast-R S=8 L=1024 R=4 d=0 l=4.75 u8,1000,6.1200,251.0,10.1
1,CSV,PHast-R S=8 L=1024 R=4 d=1 l=4.75 u8,1000,5.9440,229.2,9.4
1,CSV,PHast-R S=8 L=1024 R=4 d=2 l=4.75 u8,1000,5.9040,363.8,8.5
2,CSV,ref plus S=8 l=5.25,1000,6.4080,518.1,20.1
2,CSV,ref w1 S=8 l=5.25,1000,5.7920,392.7,14.0
2,CSV,ref w2 S=8 l=5,1000,5.8080,632.1,13.1
2,CSV,ref w3 S=8 l=5,1000,5.8240,428.7,13.3
2,CSV,ref phast S=8 l=4.5,1000,4.9520,943.4,5.7
2,CSV,PHast-R S=8 L=1024 R=4 d=0 l=4.75 u8,1000,6.1280,175.1,10.0
2,CSV,PHast-R S=8 L=1024 R=4 d=1 l=4.75 u8,1000,5.9280,190.2,8.9
2,CSV,PHast-R S=8 L=1024 R=4 d=2 l=4.75 u8,1000,5.9280,343.4,9.0
3,CSV,ref plus S=8 l=5.25,1000,6.5120,553.1,20.7
3,CSV,ref w1 S=8 l=5.25,1000,5.9760,702.8,15.0
3,CSV,ref w2 S=8 l=5,1000,5.7040,353.5,12.1
3,CSV,ref w3 S=8 l=5,1000,5.8400,430.8,13.5
3,CSV,ref phast S=8 l=4.5,1000,5.1280,981.2,6.5
3,CSV,PHast-R S=8 L=1024 R=4 d=0 l=4.75 u8,1000,6.1600,197.0,10.2
3,CSV,PHast-R S=8 L=1024 R=4 d=1 l=4.75 u8,1000,5.9680,193.9,9.5
3,CSV,PHast-R S=8 L=1024 R=4 d=2 l=4.75 u8,1000,5.9440,372.7,9.2
4,CSV,ref plus S=8 l=5.25,1000,6.5120,548.0,20.8
4,CSV,ref w1 S=8 l=5.25,1000,6.0000,417.1,15.5
4,CSV,ref w2 S=8 l=5,1000,5.8000,371.2,13.0
4,CSV,ref w3 S=8 l=5,1000,5.8320,429.2,13.3
4,CSV,ref phast S=8 l=4.5,1000,5.0400,938.5,5.9
4,CSV,PHast-R S=8 L=1024 R=4 d=0 l=4.75 u8,1000,6.1200,215.9,10.1
4,CSV,PHast-R S=8 L=1024 R=4 d=1 l=4.75 u8,1000,6.0320,181.9,9.5
4,CSV,PHast-R S=8 L=1024 R=4 d=2 l=4.75 u8,1000,5.9440,308.4,9.2
0,CSV,ref plus S=8 l=5.25,1500,5.2853,433.7,16.7
0,CSV,ref w1 S=8 l=5.25,1500,5.1147,1036.1,15.4
0,CSV,ref w2 S=8 l=5,1500,4.9600,382.2,13.6
0,CSV,ref w3 S=8 l=5,1500,4.9547,391.2,13.5
0,CSV,ref phast S=8 l=4.5,1500,4.1280,880.7,6.0
0,CSV,PHast-R S=8 L=1024 R=4 d=0 l=4.75 u8,1500,4.9173,211.9,8.8
0,CSV,PHast-R S=8 L=1024 R=4 d=1 l=4.75 u8,1500,4.7467,228.7,8.3
0,CSV,PHast-R S=8 L=1024 R=4 d=2 l=4.75 u8,1500,4.7413,313.6,8.4
1,CSV,ref plus S=8 l=5.25,1500,5.3600,454.8,17.2
1,CSV,ref w1 S=8 l=5.25,1500,5.0667,399.7,15.4
1,CSV,ref w2 S=8 l=5,1500,4.9653,371.6,14.0
1,CSV,ref w3 S=8 l=5,1500,4.9173,370.7,12.9
1,CSV,ref phast S=8 l=4.5,1500,4.2400,899.8,6.4
1,CSV,PHast-R S=8 L=1024 R=4 d=0 l=4.75 u8,1500,4.8960,169.0,9.3
1,CSV,PHast-R S=8 L=1024 R=4 d=1 l=4.75 u8,1500,4.8000,169.2,8.5
1,CSV,PHast-R S=8 L=1024 R=4 d=2 l=4.75 u8,1500,4.8000,312.7,8.4
2,CSV,ref plus S=8 l=5.25,1500,5.3013,449.8,17.0
2,CSV,ref w1 S=8 l=5.25,1500,5.1893,404.8,16.1
2,CSV,ref w2 S=8 l=5,1500,5.0293,376.3,14.1
2,CSV,ref w3 S=8 l=5,1500,4.8587,359.8,12.7
2,CSV,ref phast S=8 l=4.5,1500,4.1707,960.5,6.1
2,CSV,PHast-R S=8 L=1024 R=4 d=0 l=4.75 u8,1500,4.9173,212.1,8.9
2,CSV,PHast-R S=8 L=1024 R=4 d=1 l=4.75 u8,1500,4.8000,190.9,8.3
2,CSV,PHast-R S=8 L=1024 R=4 d=2 l=4.75 u8,1500,4.7360,288.2,8.1
3,CSV,ref plus S=8 l=5.25,1500,5.3013,448.3,17.1
3,CSV,ref w1 S=8 l=5.25,1500,5.1253,406.4,15.9
3,CSV,ref w2 S=8 l=5,1500,5.0827,380.4,14.6
3,CSV,ref w3 S=8 l=5,1500,5.0187,395.0,14.0
3,CSV,ref phast S=8 l=4.5,1500,4.1813,910.9,6.2
3,CSV,PHast-R S=8 L=1024 R=4 d=0 l=4.75 u8,1500,4.9173,203.9,8.9
3,CSV,PHast-R S=8 L=1024 R=4 d=1 l=4.75 u8,1500,4.8267,186.7,8.8
3,CSV,PHast-R S=8 L=1024 R=4 d=2 l=4.75 u8,1500,4.8320,300.7,8.9
4,CSV,ref plus S=8 l=5.25,1500,5.3653,464.1,17.5
4,CSV,ref w1 S=8 l=5.25,1500,5.2160,781.1,16.5
4,CSV,ref w2 S=8 l=5,1500,5.0347,398.2,14.2
4,CSV,ref w3 S=8 l=5,1500,4.9493,650.1,13.6
4,CSV,ref phast S=8 l=4.5,1500,4.1760,865.8,6.2
4,CSV,PHast-R S=8 L=1024 R=4 d=0 l=4.75 u8,1500,4.9120,223.9,8.9
4,CSV,PHast-R S=8 L=1024 R=4 d=1 l=4.75 u8,1500,4.8160,172.7,8.8
4,CSV,PHast-R S=8 L=1024 R=4 d=2 l=4.75 u8,1500,4.7467,323.0,8.2
0,CSV,ref plus S=8 l=5.25,2000,4.6840,395.1,16.0
0,CSV,ref w1 S=8 l=5.25,2000,4.7400,415.8,15.9
0,CSV,ref w2 S=8 l=5,2000,4.6400,399.8,15.0
0,CSV,ref w3 S=8 l=5,2000,4.5560,387.1,13.9
0,CSV,ref phast S=8 l=4.5,2000,3.6200,1116.6,5.7
0,CSV,PHast-R S=8 L=1024 R=4 d=0 l=4.75 u8,2000,4.3360,214.7,8.6
0,CSV,PHast-R S=8 L=1024 R=4 d=1 l=4.75 u8,2000,4.2120,223.0,8.4
0,CSV,PHast-R S=8 L=1024 R=4 d=2 l=4.75 u8,2000,4.1560,302.9,8.1
1,CSV,ref plus S=8 l=5.25,2000,4.6520,391.0,15.4
1,CSV,ref w1 S=8 l=5.25,2000,4.8000,431.9,16.3
1,CSV,ref w2 S=8 l=5,2000,4.6160,390.0,14.3
1,CSV,ref w3 S=8 l=5,2000,4.4840,364.4,13.4
1,CSV,ref phast S=8 l=4.5,2000,3.6680,964.6,5.9
1,CSV,PHast-R S=8 L=1024 R=4 d=0 l=4.75 u8,2000,4.2680,207.6,8.7
1,CSV,PHast-R S=8 L=1024 R=4 d=1 l=4.75 u8,2000,4.2480,241.0,8.3
1,CSV,PHast-R S=8 L=1024 R=4 d=2 l=4.75 u8,2000,4.1120,302.5,7.8
2,CSV,ref plus S=8 l=5.25,2000,4.6080,381.5,15.3
2,CSV,ref w1 S=8 l=5.25,2000,4.7280,411.7,16.2
2,CSV,ref w2 S=8 l=5,2000,4.6320,397.7,14.9
2,CSV,ref w3 S=8 l=5,2000,4.4920,640.0,13.5
2,CSV,ref phast S=8 l=4.5,2000,3.7160,936.1,6.5
2,CSV,PHast-R S=8 L=1024 R=4 d=0 l=4.75 u8,2000,4.3760,222.8,8.8
2,CSV,PHast-R S=8 L=1024 R=4 d=1 l=4.75 u8,2000,4.2160,210.9,8.5
2,CSV,PHast-R S=8 L=1024 R=4 d=2 l=4.75 u8,2000,4.1960,284.0,8.2
3,CSV,ref plus S=8 l=5.25,2000,4.6560,430.6,15.6
3,CSV,ref w1 S=8 l=5.25,2000,4.8000,472.9,16.5
3,CSV,ref w2 S=8 l=5,2000,4.5120,922.1,14.1
3,CSV,ref w3 S=8 l=5,2000,4.4920,382.1,13.4
3,CSV,ref phast S=8 l=4.5,2000,3.6640,927.2,5.9
3,CSV,PHast-R S=8 L=1024 R=4 d=0 l=4.75 u8,2000,4.3360,205.7,8.6
3,CSV,PHast-R S=8 L=1024 R=4 d=1 l=4.75 u8,2000,4.2080,212.4,8.3
3,CSV,PHast-R S=8 L=1024 R=4 d=2 l=4.75 u8,2000,4.2080,330.0,8.3
4,CSV,ref plus S=8 l=5.25,2000,4.6160,394.7,15.2
4,CSV,ref w1 S=8 l=5.25,2000,4.7960,434.0,16.2
4,CSV,ref w2 S=8 l=5,2000,4.5680,926.5,14.3
4,CSV,ref w3 S=8 l=5,2000,4.5120,397.4,13.6
4,CSV,ref phast S=8 l=4.5,2000,3.6600,875.5,5.7
4,CSV,PHast-R S=8 L=1024 R=4 d=0 l=4.75 u8,2000,4.2760,204.2,8.4
4,CSV,PHast-R S=8 L=1024 R=4 d=1 l=4.75 u8,2000,4.2000,254.0,8.3
4,CSV,PHast-R S=8 L=1024 R=4 d=2 l=4.75 u8,2000,4.1120,262.1,7.9
0,CSV,ref plus S=8 l=5.25,3000,3.9760,331.0,13.3
0,CSV,ref w1 S=8 l=5.25,3000,4.0560,570.7,13.7
0,CSV,ref w2 S=8 l=5,3000,3.9573,338.9,12.5
0,CSV,ref w3 S=8 l=5,3000,3.8907,555.8,11.2
0,CSV,ref phast S=8 l=4.5,3000,3.1227,872.1,5.5
0,CSV,PHast-R S=8 L=1024 R=4 d=0 l=4.75 u8,3000,3.6427,140.1,8.2
0,CSV,PHast-R S=8 L=1024 R=4 d=1 l=4.75 u8,3000,3.5600,175.2,7.3
0,CSV,PHast-R S=8 L=1024 R=4 d=2 l=4.75 u8,3000,3.5600,233.9,7.4
1,CSV,ref plus S=8 l=5.25,3000,3.9653,328.9,13.1
1,CSV,ref w1 S=8 l=5.25,3000,4.0613,628.4,13.7
1,CSV,ref w2 S=8 l=5,3000,3.9947,346.6,12.8
1,CSV,ref w3 S=8 l=5,3000,3.8907,338.4,11.2
1,CSV,ref phast S=8 l=4.5,3000,3.0880,887.1,5.1
1,CSV,PHast-R S=8 L=1024 R=4 d=0 l=4.75 u8,3000,3.7093,209.8,8.2
1,CSV,PHast-R S=8 L=1024 R=4 d=1 l=4.75 u8,3000,3.6400,278.3,7.8
1,CSV,PHast-R S=8 L=1024 R=4 d=2 l=4.75 u8,3000,3.5627,273.4,7.3
2,CSV,ref plus S=8 l=5.25,3000,3.9253,318.2,12.9
2,CSV,ref w1 S=8 l=5.25,3000,4.0533,361.4,13.5
2,CSV,ref w2 S=8 l=5,3000,4.0133,358.5,13.2
2,CSV,ref w3 S=8 l=5,3000,3.9173,336.1,11.4
2,CSV,ref phast S=8 l=4.5,3000,3.1200,1479.5,5.5
2,CSV,PHast-R S=8 L=1024 R=4 d=0 l=4.75 u8,3000,3.7147,159.6,8.2
2,CSV,PHast-R S=8 L=1024 R=4 d=1 l=4.75 u8,3000,3.5680,208.8,7.5
2,CSV,PHast-R S=8 L=1024 R=4 d=2 l=4.75 u8,3000,3.5653,290.5,7.5
3,CSV,ref plus S=8 l=5.25,3000,3.9307,318.2,12.9
3,CSV,ref w1 S=8 l=5.25,3000,4.0480,615.5,13.8
3,CSV,ref w2 S=8 l=5,3000,4.0053,363.8,13.0
3,CSV,ref w3 S=8 l=5,3000,3.9680,364.8,12.4
3,CSV,ref phast S=8 l=4.5,3000,3.1467,916.8,5.5
3,CSV,PHast-R S=8 L=1024 R=4 d=0 l=4.75 u8,3000,3.6800,163.9,8.2
3,CSV,PHast-R S=8 L=1024 R=4 d=1 l=4.75 u8,3000,3.5360,189.3,7.3
3,CSV,PHast-R S=8 L=1024 R=4 d=2 l=4.75 u8,3000,3.5707,296.7,7.6
4,CSV,ref plus S=8 l=5.25,3000,3.9227,307.8,12.7
4,CSV,ref w1 S=8 l=5.25,3000,4.0613,372.4,14.1
4,CSV,ref w2 S=8 l=5,3000,4.0053,341.9,13.1
4,CSV,ref w3 S=8 l=5,3000,3.9547,350.1,11.8
4,CSV,ref phast S=8 l=4.5,3000,3.1733,869.9,5.8
4,CSV,PHast-R S=8 L=1024 R=4 d=0 l=4.75 u8,3000,3.6427,204.6,8.0
4,CSV,PHast-R S=8 L=1024 R=4 d=1 l=4.75 u8,3000,3.5707,189.7,7.5
4,CSV,PHast-R S=8 L=1024 R=4 d=2 l=4.75 u8,3000,3.5360,271.7,7.4
0,CSV,ref plus S=8 l=5.25,5000,3.2768,249.2,10.5
0,CSV,ref w1 S=8 l=5.25,5000,3.3904,284.0,11.3
0,CSV,ref w2 S=8 l=5,5000,3.3680,291.7,10.2
0,CSV,ref w3 S=8 l=5,5000,3.2688,284.1,9.5
0,CSV,ref phast S=8 l=4.5,5000,2.6976,884.4,5.1
0,CSV,PHast-R S=8 L=1024 R=4 d=0 l=4.75 u8,5000,3.0992,157.2,7.1
0,CSV,PHast-R S=8 L=1024 R=4 d=1 l=4.75 u8,5000,3.0400,162.6,7.1
0,CSV,PHast-R S=8 L=1024 R=4 d=2 l=4.75 u8,5000,3.0048,271.1,6.7
1,CSV,ref plus S=8 l=5.25,5000,3.2992,276.4,10.5
1,CSV,ref w1 S=8 l=5.25,5000,3.4192,310.1,11.1
1,CSV,ref w2 S=8 l=5,5000,3.3136,295.6,9.8
1,CSV,ref w3 S=8 l=5,5000,3.2432,299.1,9.4
1,CSV,ref phast S=8 l=4.5,5000,2.7120,1047.7,5.2
1,CSV,PHast-R S=8 L=1024 R=4 d=0 l=4.75 u8,5000,3.0224,140.8,7.0
1,CSV,PHast-R S=8 L=1024 R=4 d=1 l=4.75 u8,5000,2.9648,159.7,6.6
1,CSV,PHast-R S=8 L=1024 R=4 d=2 l=4.75 u8,5000,2.9440,241.4,6.5
2,CSV,ref plus S=8 l=5.25,5000,3.2560,259.4,10.3
2,CSV,ref w1 S=8 l=5.25,5000,3.3856,301.3,10.9
2,CSV,ref w2 S=8 l=5,5000,3.3136,454.6,10.1
2,CSV,ref w3 S=8 l=5,5000,3.3072,298.7,10.0
2,CSV,ref phast S=8 l=4.5,5000,2.6944,875.8,4.9
2,CSV,PHast-R S=8 L=1024 R=4 d=0 l=4.75 u8,5000,3.0400,140.7,7.0
2,CSV,PHast-R S=8 L=1024 R=4 d=1 l=4.75 u8,5000,2.9696,135.9,6.8
2,CSV,PHast-R S=8 L=1024 R=4 d=2 l=4.75 u8,5000,3.0192,255.6,6.9
3,CSV,ref plus S=8 l=5.25,5000,3.2592,247.7,10.4
3,CSV,ref w1 S=8 l=5.25,5000,3.3856,289.1,11.0
3,CSV,ref w2 S=8 l=5,5000,3.3728,293.4,10.3
3,CSV,ref w3 S=8 l=5,5000,3.2720,298.3,9.7
3,CSV,ref phast S=8 l=4.5,5000,2.6976,881.5,5.1
3,CSV,PHast-R S=8 L=1024 R=4 d=0 l=4.75 u8,5000,3.0784,139.0,7.1
3,CSV,PHast-R S=8 L=1024 R=4 d=1 l=4.75 u8,5000,2.9888,132.0,6.9
3,CSV,PHast-R S=8 L=1024 R=4 d=2 l=4.75 u8,5000,2.9408,223.9,6.5
4,CSV,ref plus S=8 l=5.25,5000,3.2560,425.7,10.3
4,CSV,ref w1 S=8 l=5.25,5000,3.3584,277.0,10.7
4,CSV,ref w2 S=8 l=5,5000,3.3136,273.0,10.1
4,CSV,ref w3 S=8 l=5,5000,3.2480,286.6,9.5
4,CSV,ref phast S=8 l=4.5,5000,2.6592,914.8,4.8
4,CSV,PHast-R S=8 L=1024 R=4 d=0 l=4.75 u8,5000,3.0256,127.8,6.8
4,CSV,PHast-R S=8 L=1024 R=4 d=1 l=4.75 u8,5000,2.9648,125.5,6.7
4,CSV,PHast-R S=8 L=1024 R=4 d=2 l=4.75 u8,5000,3.0032,268.1,6.7
0,CSV,ref plus S=8 l=5.25,7000,2.9737,219.5,9.6
0,CSV,ref w1 S=8 l=5.25,7000,3.0686,260.8,10.2
0,CSV,ref w2 S=8 l=5,7000,3.0023,255.2,9.1
0,CSV,ref w3 S=8 l=5,7000,2.9874,266.6,8.7
0,CSV,ref phast S=8 l=4.5,7000,2.5669,1042.0,5.2
0,CSV,PHast-R S=8 L=1024 R=4 d=0 l=4.75 u8,7000,2.7897,96.0,6.8
0,CSV,PHast-R S=8 L=1024 R=4 d=1 l=4.75 u8,7000,2.7074,140.5,6.3
0,CSV,PHast-R S=8 L=1024 R=4 d=2 l=4.75 u8,7000,2.7314,194.8,6.4
1,CSV,ref plus S=8 l=5.25,7000,2.9703,218.1,9.3
1,CSV,ref w1 S=8 l=5.25,7000,3.0606,248.3,9.8
1,CSV,ref w2 S=8 l=5,7000,2.9874,236.2,8.8
1,CSV,ref w3 S=8 l=5,7000,2.9577,262.9,8.5
1,CSV,ref phast S=8 l=4.5,7000,2.5040,912.8,4.9
1,CSV,PHast-R S=8 L=1024 R=4 d=0 l=4.75 u8,7000,2.7623,89.8,6.6
1,CSV,PHast-R S=8 L=1024 R=4 d=1 l=4.75 u8,7000,2.7314,140.5,6.4
1,CSV,PHast-R S=8 L=1024 R=4 d=2 l=4.75 u8,7000,2.7303,207.7,6.4
2,CSV,ref plus S=8 l=5.25,7000,3.0034,219.3,9.5
2,CSV,ref w1 S=8 l=5.25,7000,3.0457,247.8,9.7
2,CSV,ref w2 S=8 l=5,7000,3.0034,241.1,9.0
2,CSV,ref w3 S=8 l=5,7000,2.9543,256.1,8.6
2,CSV,ref phast S=8 l=4.5,7000,2.5406,880.2,5.4
2,CSV,PHast-R S=8 L=1024 R=4 d=0 l=4.75 u8,7000,2.8023,116.5,7.0
2,CSV,PHast-R S=8 L=1024 R=4 d=1 l=4.75 u8,7000,2.7314,172.5,6.5
2,CSV,PHast-R S=8 L=1024 R=4 d=2 l=4.75 u8,7000,2.7349,246.0,6.7
3,CSV,ref plus S=8 l=5.25,7000,3.0034,233.9,9.6
3,CSV,ref w1 S=8 l=5.25,7000,3.0663,265.9,10.0
3,CSV,ref w2 S=8 l=5,7000,3.0011,237.7,8.9
3,CSV,ref w3 S=8 l=5,7000,2.9554,254.3,8.6
3,CSV,ref phast S=8 l=4.5,7000,2.5051,969.0,4.9
3,CSV,PHast-R S=8 L=1024 R=4 d=0 l=4.75 u8,7000,2.7360,105.3,6.5
3,CSV,PHast-R S=8 L=1024 R=4 d=1 l=4.75 u8,7000,2.7063,137.8,6.3
3,CSV,PHast-R S=8 L=1024 R=4 d=2 l=4.75 u8,7000,2.6777,237.8,6.2
4,CSV,ref plus S=8 l=5.25,7000,2.9714,217.6,9.4
4,CSV,ref w1 S=8 l=5.25,7000,3.0446,247.6,9.7
4,CSV,ref w2 S=8 l=5,7000,3.0000,243.1,8.8
4,CSV,ref w3 S=8 l=5,7000,2.9566,256.9,8.5
4,CSV,ref phast S=8 l=4.5,7000,2.5177,943.3,5.0
4,CSV,PHast-R S=8 L=1024 R=4 d=0 l=4.75 u8,7000,2.7863,99.9,6.9
4,CSV,PHast-R S=8 L=1024 R=4 d=1 l=4.75 u8,7000,2.7063,124.1,6.4
4,CSV,PHast-R S=8 L=1024 R=4 d=2 l=4.75 u8,7000,2.6937,221.8,6.3
0,CSV,ref plus S=8 l=5.25,10000,2.7128,201.9,8.5
0,CSV,ref w1 S=8 l=5.25,10000,2.7864,223.4,9.0
0,CSV,ref w2 S=8 l=5,10000,2.7456,343.0,8.2
0,CSV,ref w3 S=8 l=5,10000,2.7040,310.3,7.7
0,CSV,ref phast S=8 l=4.5,10000,2.3944,856.7,5.1
0,CSV,PHast-R S=8 L=1024 R=4 d=0 l=4.75 u8,10000,2.5656,89.0,6.5
0,CSV,PHast-R S=8 L=1024 R=4 d=1 l=4.75 u8,10000,2.5176,129.3,6.3
0,CSV,PHast-R S=8 L=1024 R=4 d=2 l=4.75 u8,10000,2.5072,168.6,6.3
1,CSV,ref plus S=8 l=5.25,10000,2.7424,320.4,8.6
1,CSV,ref w1 S=8 l=5.25,10000,2.7896,225.3,9.1
1,CSV,ref w2 S=8 l=5,10000,2.7360,211.3,8.0
1,CSV,ref w3 S=8 l=5,10000,2.6952,232.7,7.5
1,CSV,ref phast S=8 l=4.5,10000,2.4120,846.6,5.3
1,CSV,PHast-R S=8 L=1024 R=4 d=0 l=4.75 u8,10000,2.5664,95.9,6.8
1,CSV,PHast-R S=8 L=1024 R=4 d=1 l=4.75 u8,10000,2.4880,120.3,6.0
1,CSV,PHast-R S=8 L=1024 R=4 d=2 l=4.75 u8,10000,2.4976,199.8,5.9
2,CSV,ref plus S=8 l=5.25,10000,2.7456,212.8,8.6
2,CSV,ref w1 S=8 l=5.25,10000,2.8176,237.8,9.1
2,CSV,ref w2 S=8 l=5,10000,2.7544,218.7,8.2
2,CSV,ref w3 S=8 l=5,10000,2.6960,226.7,7.6
2,CSV,ref phast S=8 l=4.5,10000,2.3936,844.2,5.1
2,CSV,PHast-R S=8 L=1024 R=4 d=0 l=4.75 u8,10000,2.5656,102.0,6.4
2,CSV,PHast-R S=8 L=1024 R=4 d=1 l=4.75 u8,10000,2.5176,121.3,6.3
2,CSV,PHast-R S=8 L=1024 R=4 d=2 l=4.75 u8,10000,2.4976,192.7,5.9
3,CSV,ref plus S=8 l=5.25,10000,2.7736,200.0,8.8
3,CSV,ref w1 S=8 l=5.25,10000,2.8096,227.5,9.1
3,CSV,ref w2 S=8 l=5,10000,2.7552,215.3,8.0
3,CSV,ref w3 S=8 l=5,10000,2.7568,232.0,8.1
3,CSV,ref phast S=8 l=4.5,10000,2.4128,849.7,5.1
3,CSV,PHast-R S=8 L=1024 R=4 d=0 l=4.75 u8,10000,2.5752,85.5,6.5
3,CSV,PHast-R S=8 L=1024 R=4 d=1 l=4.75 u8,10000,2.4976,119.1,5.9
3,CSV,PHast-R S=8 L=1024 R=4 d=2 l=4.75 u8,10000,2.4960,175.6,5.9
4,CSV,ref plus S=8 l=5.25,10000,2.7128,187.6,8.3
4,CSV,ref w1 S=8 l=5.25,10000,2.7784,221.9,8.8
4,CSV,ref w2 S=8 l=5,10000,2.7656,216.6,8.2
4,CSV,ref w3 S=8 l=5,10000,2.7336,236.1,7.9
4,CSV,ref phast S=8 l=4.5,10000,2.3840,853.4,5.0
4,CSV,PHast-R S=8 L=1024 R=4 d=0 l=4.75 u8,10000,2.5560,96.0,6.4
4,CSV,PHast-R S=8 L=1024 R=4 d=1 l=4.75 u8,10000,2.5160,118.6,6.2
4,CSV,PHast-R S=8 L=1024 R=4 d=2 l=4.75 u8,10000,2.4784,185.5,5.8
0,CSV,ref plus S=8 l=5.25,15000,2.5787,178.1,8.0
0,CSV,ref w1 S=8 l=5.25,15000,2.6091,197.1,8.3
0,CSV,ref w2 S=8 l=5,15000,2.5333,192.4,7.2
0,CSV,ref w3 S=8 l=5,15000,2.4891,207.5,7.0
0,CSV,ref phast S=8 l=4.5,15000,2.3184,836.8,5.2
0,CSV,PHast-R S=8 L=1024 R=4 d=0 l=4.75 u8,15000,2.4133,86.3,6.3
0,CSV,PHast-R S=8 L=1024 R=4 d=1 l=4.75 u8,15000,2.3627,119.5,5.9
0,CSV,PHast-R S=8 L=1024 R=4 d=2 l=4.75 u8,15000,2.3445,178.3,5.8
1,CSV,ref plus S=8 l=5.25,15000,2.5728,176.0,8.0
1,CSV,ref w1 S=8 l=5.25,15000,2.6075,198.4,8.3
1,CSV,ref w2 S=8 l=5,15000,2.5392,196.0,7.2
1,CSV,ref w3 S=8 l=5,15000,2.5072,211.5,7.1
1,CSV,ref phast S=8 l=4.5,15000,2.3237,803.1,5.2
1,CSV,PHast-R S=8 L=1024 R=4 d=0 l=4.75 u8,15000,2.3829,83.8,6.0
1,CSV,PHast-R S=8 L=1024 R=4 d=1 l=4.75 u8,15000,2.3333,112.7,5.8
1,CSV,PHast-R S=8 L=1024 R=4 d=2 l=4.75 u8,15000,2.3387,178.5,5.8
2,CSV,ref plus S=8 l=5.25,15000,2.5813,181.0,8.2
2,CSV,ref w1 S=8 l=5.25,15000,2.6016,204.3,8.3
2,CSV,ref w2 S=8 l=5,15000,2.5333,190.5,7.2
2,CSV,ref w3 S=8 l=5,15000,2.4891,205.3,7.0
2,CSV,ref phast S=8 l=4.5,15000,2.3301,830.5,5.3
2,CSV,PHast-R S=8 L=1024 R=4 d=0 l=4.75 u8,15000,2.4219,92.1,6.4
2,CSV,PHast-R S=8 L=1024 R=4 d=1 l=4.75 u8,15000,2.3813,121.7,6.0
2,CSV,PHast-R S=8 L=1024 R=4 d=2 l=4.75 u8,15000,2.3701,192.7,5.9
3,CSV,ref plus S=8 l=5.25,15000,2.5883,180.1,8.1
3,CSV,ref w1 S=8 l=5.25,15000,2.6000,201.9,8.3
3,CSV,ref w2 S=8 l=5,15000,2.5397,193.2,7.2
3,CSV,ref w3 S=8 l=5,15000,2.5067,214.6,7.1
3,CSV,ref phast S=8 l=4.5,15000,2.3355,817.2,5.3
3,CSV,PHast-R S=8 L=1024 R=4 d=0 l=4.75 u8,15000,2.4213,80.1,6.3
3,CSV,PHast-R S=8 L=1024 R=4 d=1 l=4.75 u8,15000,2.3392,105.8,5.8
3,CSV,PHast-R S=8 L=1024 R=4 d=2 l=4.75 u8,15000,2.3509,179.5,5.9
4,CSV,ref plus S=8 l=5.25,15000,2.5536,174.0,7.8
4,CSV,ref w1 S=8 l=5.25,15000,2.6080,203.1,8.3
4,CSV,ref w2 S=8 l=5,15000,2.5221,197.2,7.1
4,CSV,ref w3 S=8 l=5,15000,2.4763,206.2,6.9
4,CSV,ref phast S=8 l=4.5,15000,2.3232,842.0,5.2
4,CSV,PHast-R S=8 L=1024 R=4 d=0 l=4.75 u8,15000,2.4123,88.8,6.3
4,CSV,PHast-R S=8 L=1024 R=4 d=1 l=4.75 u8,15000,2.3525,111.6,5.8
4,CSV,PHast-R S=8 L=1024 R=4 d=2 l=4.75 u8,15000,2.3381,173.4,5.8
0,CSV,ref plus S=8 l=5.25,20000,2.4912,182.3,7.7
0,CSV,ref w1 S=8 l=5.25,20000,2.4972,192.7,7.8
0,CSV,ref w2 S=8 l=5,20000,2.4052,186.0,6.7
0,CSV,ref w3 S=8 l=5,20000,2.3948,197.8,6.7
0,CSV,ref phast S=8 l=4.5,20000,2.2388,799.3,5.1
0,CSV,PHast-R S=8 L=1024 R=4 d=0 l=4.75 u8,20000,2.3424,80.9,6.0
0,CSV,PHast-R S=8 L=1024 R=4 d=1 l=4.75 u8,20000,2.2640,109.5,5.7
0,CSV,PHast-R S=8 L=1024 R=4 d=2 l=4.75 u8,20000,2.2592,170.5,5.7
1,CSV,ref plus S=8 l=5.25,20000,2.4732,167.1,7.6
1,CSV,ref w1 S=8 l=5.25,20000,2.5016,190.2,7.8
1,CSV,ref w2 S=8 l=5,20000,2.3956,175.8,6.7
1,CSV,ref w3 S=8 l=5,20000,2.3800,194.3,6.7
1,CSV,ref phast S=8 l=4.5,20000,2.2348,794.1,5.1
1,CSV,PHast-R S=8 L=1024 R=4 d=0 l=4.75 u8,20000,2.3160,82.4,6.0
1,CSV,PHast-R S=8 L=1024 R=4 d=1 l=4.75 u8,20000,2.2516,107.9,5.7
1,CSV,PHast-R S=8 L=1024 R=4 d=2 l=4.75 u8,20000,2.2420,170.6,5.7
2,CSV,ref plus S=8 l=5.25,20000,2.4968,171.1,7.7
2,CSV,ref w1 S=8 l=5.25,20000,2.5108,189.4,7.9
2,CSV,ref w2 S=8 l=5,20000,2.4056,184.9,6.8
2,CSV,ref w3 S=8 l=5,20000,2.3804,192.1,6.6
2,CSV,ref phast S=8 l=4.5,20000,2.2352,826.5,5.1
2,CSV,PHast-R S=8 L=1024 R=4 d=0 l=4.75 u8,20000,2.3712,82.5,6.3
2,CSV,PHast-R S=8 L=1024 R=4 d=1 l=4.75 u8,20000,2.2920,101.1,5.9
2,CSV,PHast-R S=8 L=1024 R=4 d=2 l=4.75 u8,20000,2.2928,169.6,5.9
3,CSV,ref plus S=8 l=5.25,20000,2.4868,170.8,7.6
3,CSV,ref w1 S=8 l=5.25,20000,2.5016,184.2,7.8
3,CSV,ref w2 S=8 l=5,20000,2.4332,264.6,6.9
3,CSV,ref w3 S=8 l=5,20000,2.4048,196.2,6.8
3,CSV,ref phast S=8 l=4.5,20000,2.2400,819.1,5.1
3,CSV,PHast-R S=8 L=1024 R=4 d=0 l=4.75 u8,20000,2.3472,83.5,6.1
3,CSV,PHast-R S=8 L=1024 R=4 d=1 l=4.75 u8,20000,2.2748,111.8,5.8
3,CSV,PHast-R S=8 L=1024 R=4 d=2 l=4.75 u8,20000,2.2596,173.8,5.8
4,CSV,ref plus S=8 l=5.25,20000,2.4592,166.8,7.5
4,CSV,ref w1 S=8 l=5.25,20000,2.5020,186.6,7.8
4,CSV,ref w2 S=8 l=5,20000,2.4140,182.1,6.8
4,CSV,ref w3 S=8 l=5,20000,2.3764,192.7,6.6
4,CSV,ref phast S=8 l=4.5,20000,2.2128,808.3,5.0
4,CSV,PHast-R S=8 L=1024 R=4 d=0 l=4.75 u8,20000,2.3204,81.7,6.0
4,CSV,PHast-R S=8 L=1024 R=4 d=1 l=4.75 u8,20000,2.2648,105.5,5.8
4,CSV,PHast-R S=8 L=1024 R=4 d=2 l=4.75 u8,20000,2.2476,170.4,5.7
0,CSV,ref plus S=8 l=5.25,30000,2.3981,166.6,7.6
0,CSV,ref w1 S=8 l=5.25,30000,2.3947,177.7,7.5
0,CSV,ref w2 S=8 l=5,30000,2.3045,165.3,6.5
0,CSV,ref w3 S=8 l=5,30000,2.2653,179.7,6.3
0,CSV,ref phast S=8 l=4.5,30000,2.1424,820.0,5.0
0,CSV,PHast-R S=8 L=1024 R=4 d=0 l=4.75 u8,30000,2.2541,82.9,6.0
0,CSV,PHast-R S=8 L=1024 R=4 d=1 l=4.75 u8,30000,2.1784,113.8,5.8
0,CSV,PHast-R S=8 L=1024 R=4 d=2 l=4.75 u8,30000,2.1688,178.2,5.7
1,CSV,ref plus S=8 l=5.25,30000,2.3853,158.3,7.6
1,CSV,ref w1 S=8 l=5.25,30000,2.3811,177.0,7.5
1,CSV,ref w2 S=8 l=5,30000,2.3104,163.9,6.7
1,CSV,ref w3 S=8 l=5,30000,2.2568,187.9,6.6
1,CSV,ref phast S=8 l=4.5,30000,2.1483,814.6,5.3
1,CSV,PHast-R S=8 L=1024 R=4 d=0 l=4.75 u8,30000,2.2547,82.4,6.3
1,CSV,PHast-R S=8 L=1024 R=4 d=1 l=4.75 u8,30000,2.1811,109.5,6.0
1,CSV,PHast-R S=8 L=1024 R=4 d=2 l=4.75 u8,30000,2.1835,173.6,6.0
2,CSV,ref plus S=8 l=5.25,30000,2.3973,165.0,7.5
2,CSV,ref w1 S=8 l=5.25,30000,2.3947,186.6,7.5
2,CSV,ref w2 S=8 l=5,30000,2.2952,167.1,6.5
2,CSV,ref w3 S=8 l=5,30000,2.2731,185.4,6.5
2,CSV,ref phast S=8 l=4.5,30000,2.1696,827.7,5.4
2,CSV,PHast-R S=8 L=1024 R=4 d=0 l=4.75 u8,30000,2.2696,80.9,6.2
2,CSV,PHast-R S=8 L=1024 R=4 d=1 l=4.75 u8,30000,2.1989,107.3,6.0
2,CSV,PHast-R S=8 L=1024 R=4 d=2 l=4.75 u8,30000,2.2024,172.0,5.9
3,CSV,ref plus S=8 l=5.25,30000,2.3813,159.0,7.5
3,CSV,ref w1 S=8 l=5.25,30000,2.3880,177.3,7.5
3,CSV,ref w2 S=8 l=5,30000,2.3117,179.3,6.6
3,CSV,ref w3 S=8 l=5,30000,2.2629,191.8,6.4
3,CSV,ref phast S=8 l=4.5,30000,2.1547,847.3,5.0
3,CSV,PHast-R S=8 L=1024 R=4 d=0 l=4.75 u8,30000,2.2664,79.9,6.2
3,CSV,PHast-R S=8 L=1024 R=4 d=1 l=4.75 u8,30000,2.1904,106.7,6.0
3,CSV,PHast-R S=8 L=1024 R=4 d=2 l=4.75 u8,30000,2.1835,162.4,5.9
4,CSV,ref plus S=8 l=5.25,30000,2.3728,157.0,7.4
4,CSV,ref w1 S=8 l=5.25,30000,2.3915,172.7,7.5
4,CSV,ref w2 S=8 l=5,30000,2.2987,165.0,6.4
4,CSV,ref w3 S=8 l=5,30000,2.2653,179.3,6.3
4,CSV,ref phast S=8 l=4.5,30000,2.1485,827.8,5.0
4,CSV,PHast-R S=8 L=1024 R=4 d=0 l=4.75 u8,30000,2.2603,78.9,6.0
4,CSV,PHast-R S=8 L=1024 R=4 d=1 l=4.75 u8,30000,2.1720,105.1,5.7
4,CSV,PHast-R S=8 L=1024 R=4 d=2 l=4.75 u8,30000,2.1720,172.9,5.7
0,CSV,ref plus S=8 l=5.25,50000,2.3246,151.9,7.5
0,CSV,ref w1 S=8 l=5.25,50000,2.3078,133.6,8.1
0,CSV,ref w2 S=8 l=5,50000,2.2032,154.2,6.5
0,CSV,ref w3 S=8 l=5,50000,2.1722,171.6,6.4
0,CSV,ref phast S=8 l=4.5,50000,2.0782,815.2,5.1
0,CSV,PHast-R S=8 L=1024 R=4 d=0 l=4.75 u8,50000,2.2115,74.5,6.3
0,CSV,PHast-R S=8 L=1024 R=4 d=1 l=4.75 u8,50000,2.1382,101.3,6.0
0,CSV,PHast-R S=8 L=1024 R=4 d=2 l=4.75 u8,50000,2.1293,156.9,6.1
1,CSV,ref plus S=8 l=5.25,50000,2.3018,151.4,7.3
1,CSV,ref w1 S=8 l=5.25,50000,2.3101,97.9,7.8
1,CSV,ref w2 S=8 l=5,50000,2.2149,160.6,6.5
1,CSV,ref w3 S=8 l=5,50000,2.1798,178.2,6.3
1,CSV,ref phast S=8 l=4.5,50000,2.0763,808.4,5.2
1,CSV,PHast-R S=8 L=1024 R=4 d=0 l=4.75 u8,50000,2.2022,76.0,6.3
1,CSV,PHast-R S=8 L=1024 R=4 d=1 l=4.75 u8,50000,2.1294,101.2,6.2
1,CSV,PHast-R S=8 L=1024 R=4 d=2 l=4.75 u8,50000,2.1274,157.1,6.0
2,CSV,ref plus S=8 l=5.25,50000,2.3248,155.0,7.7
2,CSV,ref w1 S=8 l=5.25,50000,2.3112,95.9,7.8
2,CSV,ref w2 S=8 l=5,50000,2.2131,159.2,6.6
2,CSV,ref w3 S=8 l=5,50000,2.1819,180.9,6.4
2,CSV,ref phast S=8 l=4.5,50000,2.0901,840.1,5.2
2,CSV,PHast-R S=8 L=1024 R=4 d=0 l=4.75 u8,50000,2.2117,77.5,6.4
2,CSV,PHast-R S=8 L=1024 R=4 d=1 l=4.75 u8,50000,2.1344,105.5,6.1
2,CSV,PHast-R S=8 L=1024 R=4 d=2 l=4.75 u8,50000,2.1274,177.6,6.2
3,CSV,ref plus S=8 l=5.25,50000,2.3226,151.8,7.6
3,CSV,ref w1 S=8 l=5.25,50000,2.3102,99.4,7.8
3,CSV,ref w2 S=8 l=5,50000,2.2186,163.2,6.5
3,CSV,ref w3 S=8 l=5,50000,2.1782,176.9,6.4
3,CSV,ref phast S=8 l=4.5,50000,2.0760,829.2,5.2
3,CSV,PHast-R S=8 L=1024 R=4 d=0 l=4.75 u8,50000,2.2006,80.6,6.3
3,CSV,PHast-R S=8 L=1024 R=4 d=1 l=4.75 u8,50000,2.1418,112.5,6.1
3,CSV,PHast-R S=8 L=1024 R=4 d=2 l=4.75 u8,50000,2.1274,167.8,6.0
4,CSV,ref plus S=8 l=5.25,50000,2.3245,158.4,7.5
4,CSV,ref w1 S=8 l=5.25,50000,2.3058,101.9,8.1
4,CSV,ref w2 S=8 l=5,50000,2.2075,162.9,6.7
4,CSV,ref w3 S=8 l=5,50000,2.1723,179.4,6.6
4,CSV,ref phast S=8 l=4.5,50000,2.0626,825.2,5.1
4,CSV,PHast-R S=8 L=1024 R=4 d=0 l=4.75 u8,50000,2.2112,80.1,6.3
4,CSV,PHast-R S=8 L=1024 R=4 d=1 l=4.75 u8,50000,2.1402,108.5,6.4
4,CSV,PHast-R S=8 L=1024 R=4 d=2 l=4.75 u8,50000,2.1344,159.4,6.1
0,CSV,ref plus S=8 l=5.25,70000,2.2743,150.8,7.7
0,CSV,ref w1 S=8 l=5.25,70000,2.2609,94.5,8.3
0,CSV,ref w2 S=8 l=5,70000,2.1819,157.4,6.7
0,CSV,ref w3 S=8 l=5,70000,2.1419,171.0,6.5
0,CSV,ref phast S=8 l=4.5,70000,2.0563,842.7,5.5
0,CSV,PHast-R S=8 L=1024 R=4 d=0 l=4.75 u8,70000,2.1810,80.6,6.7
0,CSV,PHast-R S=8 L=1024 R=4 d=1 l=4.75 u8,70000,2.1013,110.8,6.7
0,CSV,PHast-R S=8 L=1024 R=4 d=2 l=4.75 u8,70000,2.0857,165.3,6.3
1,CSV,ref plus S=8 l=5.25,70000,2.2921,151.9,7.8
1,CSV,ref w1 S=8 l=5.25,70000,2.2462,91.1,8.0
1,CSV,ref w2 S=8 l=5,70000,2.1855,155.2,6.7
1,CSV,ref w3 S=8 l=5,70000,2.1419,166.7,6.5
1,CSV,ref phast S=8 l=4.5,70000,2.0538,828.4,5.6
1,CSV,PHast-R S=8 L=1024 R=4 d=0 l=4.75 u8,70000,2.1901,74.0,6.8
1,CSV,PHast-R S=8 L=1024 R=4 d=1 l=4.75 u8,70000,2.0936,107.8,6.4
1,CSV,PHast-R S=8 L=1024 R=4 d=2 l=4.75 u8,70000,2.0872,155.2,6.4
2,CSV,ref plus S=8 l=5.25,70000,2.3017,149.0,7.9
2,CSV,ref w1 S=8 l=5.25,70000,2.2499,92.6,8.2
2,CSV,ref w2 S=8 l=5,70000,2.1765,155.1,6.7
2,CSV,ref w3 S=8 l=5,70000,2.1488,172.5,6.5
2,CSV,ref phast S=8 l=4.5,70000,2.0427,825.3,5.4
2,CSV,PHast-R S=8 L=1024 R=4 d=0 l=4.75 u8,70000,2.1835,73.7,6.7
2,CSV,PHast-R S=8 L=1024 R=4 d=1 l=4.75 u8,70000,2.0910,107.0,6.3
2,CSV,PHast-R S=8 L=1024 R=4 d=2 l=4.75 u8,70000,2.0806,168.3,6.3
3,CSV,ref plus S=8 l=5.25,70000,2.2849,148.3,7.7
3,CSV,ref w1 S=8 l=5.25,70000,2.2466,95.0,8.0
3,CSV,ref w2 S=8 l=5,70000,2.1694,155.0,6.6
3,CSV,ref w3 S=8 l=5,70000,2.1432,167.7,6.4
3,CSV,ref phast S=8 l=4.5,70000,2.0439,832.1,5.5
3,CSV,PHast-R S=8 L=1024 R=4 d=0 l=4.75 u8,70000,2.1786,76.3,6.8
3,CSV,PHast-R S=8 L=1024 R=4 d=1 l=4.75 u8,70000,2.0856,105.9,6.3
3,CSV,PHast-R S=8 L=1024 R=4 d=2 l=4.75 u8,70000,2.0753,172.1,6.3
4,CSV,ref plus S=8 l=5.25,70000,2.2863,150.6,7.9
4,CSV,ref w1 S=8 l=5.25,70000,2.2502,96.2,8.2
4,CSV,ref w2 S=8 l=5,70000,2.1819,156.2,6.8
4,CSV,ref w3 S=8 l=5,70000,2.1458,176.6,6.9
4,CSV,ref phast S=8 l=4.5,70000,2.0405,834.0,5.8
4,CSV,PHast-R S=8 L=1024 R=4 d=0 l=4.75 u8,70000,2.1847,77.5,6.9
4,CSV,PHast-R S=8 L=1024 R=4 d=1 l=4.75 u8,70000,2.0886,109.8,6.4
4,CSV,PHast-R S=8 L=1024 R=4 d=2 l=4.75 u8,70000,2.0794,189.1,6.3
0,CSV,ref plus S=8 l=5.25,100000,2.2677,149.8,8.1
0,CSV,ref w1 S=8 l=5.25,100000,2.2168,90.8,8.5
0,CSV,ref w2 S=8 l=5,100000,2.1314,106.6,7.1
0,CSV,ref w3 S=8 l=5,100000,2.0884,126.4,7.1
0,CSV,ref phast S=8 l=4.5,100000,2.0268,836.1,6.3
0,CSV,PHast-R S=8 L=1024 R=4 d=0 l=4.75 u8,100000,2.1087,76.5,7.5
0,CSV,PHast-R S=8 L=1024 R=4 d=1 l=4.75 u8,100000,2.0623,111.5,6.8
0,CSV,PHast-R S=8 L=1024 R=4 d=2 l=4.75 u8,100000,2.0569,167.1,6.9
1,CSV,ref plus S=8 l=5.25,100000,2.2754,150.7,8.1
1,CSV,ref w1 S=8 l=5.25,100000,2.2205,92.3,8.6
1,CSV,ref w2 S=8 l=5,100000,2.1257,100.6,7.2
1,CSV,ref w3 S=8 l=5,100000,2.0903,124.8,6.8
1,CSV,ref phast S=8 l=4.5,100000,2.0259,826.3,5.9
1,CSV,PHast-R S=8 L=1024 R=4 d=0 l=4.75 u8,100000,2.1094,77.8,7.2
1,CSV,PHast-R S=8 L=1024 R=4 d=1 l=4.75 u8,100000,2.0632,105.7,7.0
1,CSV,PHast-R S=8 L=1024 R=4 d=2 l=4.75 u8,100000,2.0512,166.0,6.8
2,CSV,ref plus S=8 l=5.25,100000,2.2569,148.5,8.3
2,CSV,ref w1 S=8 l=5.25,100000,2.2123,107.9,8.3
2,CSV,ref w2 S=8 l=5,100000,2.1241,107.9,7.0
2,CSV,ref w3 S=8 l=5,100000,2.0883,123.7,7.0
2,CSV,ref phast S=8 l=4.5,100000,2.0243,831.1,6.0
2,CSV,PHast-R S=8 L=1024 R=4 d=0 l=4.75 u8,100000,2.1061,84.5,7.5
2,CSV,PHast-R S=8 L=1024 R=4 d=1 l=4.75 u8,100000,2.0604,111.6,7.2
2,CSV,PHast-R S=8 L=1024 R=4 d=2 l=4.75 u8,100000,2.0534,173.9,6.9
3,CSV,ref plus S=8 l=5.25,100000,2.2703,147.8,8.4
3,CSV,ref w1 S=8 l=5.25,100000,2.2022,90.0,8.4
3,CSV,ref w2 S=8 l=5,100000,2.1314,112.6,7.1
3,CSV,ref w3 S=8 l=5,100000,2.0842,123.9,7.2
3,CSV,ref phast S=8 l=4.5,100000,2.0208,827.2,6.0
3,CSV,PHast-R S=8 L=1024 R=4 d=0 l=4.75 u8,100000,2.1028,76.4,7.2
3,CSV,PHast-R S=8 L=1024 R=4 d=1 l=4.75 u8,100000,2.0626,109.1,6.9
3,CSV,PHast-R S=8 L=1024 R=4 d=2 l=4.75 u8,100000,2.0477,170.2,7.1
4,CSV,ref plus S=8 l=5.25,100000,2.2636,150.6,8.1
4,CSV,ref w1 S=8 l=5.25,100000,2.2000,105.2,8.2
4,CSV,ref w2 S=8 l=5,100000,2.1222,106.8,6.9
4,CSV,ref w3 S=8 l=5,100000,2.0860,127.4,6.8
4,CSV,ref phast S=8 l=4.5,100000,2.0224,838.8,5.8
4,CSV,PHast-R S=8 L=1024 R=4 d=0 l=4.75 u8,100000,2.1103,77.1,7.2
4,CSV,PHast-R S=8 L=1024 R=4 d=1 l=4.75 u8,100000,2.0679,108.8,6.8
4,CSV,PHast-R S=8 L=1024 R=4 d=2 l=4.75 u8,100000,2.0514,168.6,6.7
0,CSV,ref plus S=8 l=5.25,200000,2.1615,68.5,8.9
0,CSV,ref w1 S=8 l=5.25,200000,2.1546,85.7,9.0
0,CSV,ref w2 S=8 l=5,200000,2.0772,104.0,7.5
0,CSV,ref w3 S=8 l=5,200000,2.0367,121.6,7.5
0,CSV,ref phast S=8 l=4.5,200000,1.9955,803.1,6.6
0,CSV,PHast-R S=8 L=1024 R=4 d=0 l=4.75 u8,200000,2.0640,74.7,8.0
0,CSV,PHast-R S=8 L=1024 R=4 d=1 l=4.75 u8,200000,1.9812,108.6,7.6
0,CSV,PHast-R S=8 L=1024 R=4 d=2 l=4.75 u8,200000,1.9696,164.5,7.5
1,CSV,ref plus S=8 l=5.25,200000,2.1677,72.4,8.9
1,CSV,ref w1 S=8 l=5.25,200000,2.1556,88.4,9.0
1,CSV,ref w2 S=8 l=5,200000,2.0686,100.0,7.4
1,CSV,ref w3 S=8 l=5,200000,2.0289,120.9,7.5
1,CSV,ref phast S=8 l=4.5,200000,1.9913,802.9,6.5
1,CSV,PHast-R S=8 L=1024 R=4 d=0 l=4.75 u8,200000,2.0635,75.3,8.0
1,CSV,PHast-R S=8 L=1024 R=4 d=1 l=4.75 u8,200000,1.9855,109.2,7.6
1,CSV,PHast-R S=8 L=1024 R=4 d=2 l=4.75 u8,200000,1.9681,164.0,7.5
2,CSV,ref plus S=8 l=5.25,200000,2.1625,69.0,9.0
2,CSV,ref w1 S=8 l=5.25,200000,2.1514,86.8,9.0
2,CSV,ref w2 S=8 l=5,200000,2.0695,100.9,7.5
2,CSV,ref w3 S=8 l=5,200000,2.0298,121.6,7.5
2,CSV,ref phast S=8 l=4.5,200000,1.9954,807.9,6.6
2,CSV,PHast-R S=8 L=1024 R=4 d=0 l=4.75 u8,200000,2.0666,79.6,8.1
2,CSV,PHast-R S=8 L=1024 R=4 d=1 l=4.75 u8,200000,1.9876,116.1,7.8
2,CSV,PHast-R S=8 L=1024 R=4 d=2 l=4.75 u8,200000,1.9702,170.5,7.5
3,CSV,ref plus S=8 l=5.25,200000,2.1679,70.2,9.1
3,CSV,ref w1 S=8 l=5.25,200000,2.1539,86.5,9.0
3,CSV,ref w2 S=8 l=5,200000,2.0661,102.3,7.4
3,CSV,ref w3 S=8 l=5,200000,2.0281,125.1,7.5
3,CSV,ref phast S=8 l=4.5,200000,1.9892,812.3,6.5
3,CSV,PHast-R S=8 L=1024 R=4 d=0 l=4.75 u8,200000,2.0658,75.3,8.2
3,CSV,PHast-R S=8 L=1024 R=4 d=1 l=4.75 u8,200000,1.9830,111.9,7.6
3,CSV,PHast-R S=8 L=1024 R=4 d=2 l=4.75 u8,200000,1.9706,172.2,7.5
4,CSV,ref plus S=8 l=5.25,200000,2.1624,69.9,8.9
4,CSV,ref w1 S=8 l=5.25,200000,2.1502,89.7,8.9
4,CSV,ref w2 S=8 l=5,200000,2.0796,104.7,7.5
4,CSV,ref w3 S=8 l=5,200000,2.0317,126.4,7.5
4,CSV,ref phast S=8 l=4.5,200000,1.9968,812.7,6.6
4,CSV,PHast-R S=8 L=1024 R=4 d=0 l=4.75 u8,200000,2.0750,77.7,8.2
4,CSV,PHast-R S=8 L=1024 R=4 d=1 l=4.75 u8,200000,1.9890,114.3,7.7
4,CSV,PHast-R S=8 L=1024 R=4 d=2 l=4.75 u8,200000,1.9752,175.1,7.6
0,CSV,ref plus S=8 l=5.25,500000,2.1361,68.5,9.6
0,CSV,ref w1 S=8 l=5.25,500000,2.1157,85.9,9.7
0,CSV,ref w2 S=8 l=5,500000,2.0386,98.8,8.1
0,CSV,ref w3 S=8 l=5,500000,1.9975,120.4,8.1
0,CSV,ref phast S=8 l=4.5,500000,1.9421,815.8,7.1
0,CSV,PHast-R S=8 L=1024 R=4 d=0 l=4.75 u8,500000,2.0405,75.4,8.8
0,CSV,PHast-R S=8 L=1024 R=4 d=1 l=4.75 u8,500000,1.9549,110.3,8.2
0,CSV,PHast-R S=8 L=1024 R=4 d=2 l=4.75 u8,500000,1.9457,176.5,8.2
1,CSV,ref plus S=8 l=5.25,500000,2.1424,67.6,9.7
1,CSV,ref w1 S=8 l=5.25,500000,2.1245,86.8,9.7
1,CSV,ref w2 S=8 l=5,500000,2.0434,103.5,8.1
1,CSV,ref w3 S=8 l=5,500000,1.9953,129.0,8.1
1,CSV,ref phast S=8 l=4.5,500000,1.9406,810.9,7.1
1,CSV,PHast-R S=8 L=1024 R=4 d=0 l=4.75 u8,500000,2.0388,78.1,8.8
1,CSV,PHast-R S=8 L=1024 R=4 d=1 l=4.75 u8,500000,1.9574,113.0,8.3
1,CSV,PHast-R S=8 L=1024 R=4 d=2 l=4.75 u8,500000,1.9449,165.6,8.2
2,CSV,ref plus S=8 l=5.25,500000,2.1353,67.6,9.8
2,CSV,ref w1 S=8 l=5.25,500000,2.1225,83.6,10.1
2,CSV,ref w2 S=8 l=5,500000,2.0403,98.3,8.2
2,CSV,ref w3 S=8 l=5,500000,1.9909,122.2,8.2
2,CSV,ref phast S=8 l=4.5,500000,1.9388,812.9,7.1
2,CSV,PHast-R S=8 L=1024 R=4 d=0 l=4.75 u8,500000,2.0388,78.1,9.0
2,CSV,PHast-R S=8 L=1024 R=4 d=1 l=4.75 u8,500000,1.9587,113.5,8.5
2,CSV,PHast-R S=8 L=1024 R=4 d=2 l=4.75 u8,500000,1.9495,172.8,8.5
3,CSV,ref plus S=8 l=5.25,500000,2.1382,69.4,9.9
3,CSV,ref w1 S=8 l=5.25,500000,2.1198,86.2,9.9
3,CSV,ref w2 S=8 l=5,500000,2.0388,100.3,8.3
3,CSV,ref w3 S=8 l=5,500000,1.9985,124.2,8.3
3,CSV,ref phast S=8 l=4.5,500000,1.9401,813.2,7.4
3,CSV,PHast-R S=8 L=1024 R=4 d=0 l=4.75 u8,500000,2.0410,76.7,9.1
3,CSV,PHast-R S=8 L=1024 R=4 d=1 l=4.75 u8,500000,1.9591,113.9,8.3
3,CSV,PHast-R S=8 L=1024 R=4 d=2 l=4.75 u8,500000,1.9490,171.3,8.4
4,CSV,ref plus S=8 l=5.25,500000,2.1384,68.2,9.6
4,CSV,ref w1 S=8 l=5.25,500000,2.1185,85.8,9.7
4,CSV,ref w2 S=8 l=5,500000,2.0340,101.5,8.1
4,CSV,ref w3 S=8 l=5,500000,1.9951,119.5,8.1
4,CSV,ref phast S=8 l=4.5,500000,1.9387,812.3,7.1
4,CSV,PHast-R S=8 L=1024 R=4 d=0 l=4.75 u8,500000,2.0382,79.5,8.8
4,CSV,PHast-R S=8 L=1024 R=4 d=1 l=4.75 u8,500000,1.9581,110.0,8.3
4,CSV,PHast-R S=8 L=1024 R=4 d=2 l=4.75 u8,500000,1.9491,168.1,8.2
0,CSV,ref plus S=8 l=5.25,1000000,2.1328,69.4,11.1
0,CSV,ref w1 S=8 l=5.25,1000000,2.1103,80.9,11.4
0,CSV,ref w2 S=8 l=5,1000000,2.0265,100.9,9.6
0,CSV,ref w3 S=8 l=5,1000000,1.9827,122.6,9.7
0,CSV,ref phast S=8 l=4.5,1000000,1.9337,815.1,8.3
0,CSV,PHast-R S=8 L=1024 R=4 d=0 l=4.75 u8,1000000,2.0351,81.1,10.6
0,CSV,PHast-R S=8 L=1024 R=4 d=1 l=4.75 u8,1000000,1.9425,118.8,9.8
0,CSV,PHast-R S=8 L=1024 R=4 d=2 l=4.75 u8,1000000,1.9299,190.1,9.5
1,CSV,ref plus S=8 l=5.25,1000000,2.1316,68.6,11.3
1,CSV,ref w1 S=8 l=5.25,1000000,2.1081,79.1,11.5
1,CSV,ref w2 S=8 l=5,1000000,2.0247,100.1,9.5
1,CSV,ref w3 S=8 l=5,1000000,1.9825,121.0,9.5
1,CSV,ref phast S=8 l=4.5,1000000,1.9338,809.6,8.2
1,CSV,PHast-R S=8 L=1024 R=4 d=0 l=4.75 u8,1000000,2.0372,79.8,10.3
1,CSV,PHast-R S=8 L=1024 R=4 d=1 l=4.75 u8,1000000,1.9446,120.8,9.4
1,CSV,PHast-R S=8 L=1024 R=4 d=2 l=4.75 u8,1000000,1.9288,188.9,9.3
2,CSV,ref plus S=8 l=5.25,1000000,2.1286,69.8,11.4
2,CSV,ref w1 S=8 l=5.25,1000000,2.1085,79.2,11.2
2,CSV,ref w2 S=8 l=5,1000000,2.0279,98.9,9.6
2,CSV,ref w3 S=8 l=5,1000000,1.9829,119.4,9.3
2,CSV,ref phast S=8 l=4.5,1000000,1.9317,811.0,8.2
2,CSV,PHast-R S=8 L=1024 R=4 d=0 l=4.75 u8,1000000,2.0344,79.4,10.2
2,CSV,PHast-R S=8 L=1024 R=4 d=1 l=4.75 u8,1000000,1.9420,118.7,9.8
2,CSV,PHast-R S=8 L=1024 R=4 d=2 l=4.75 u8,1000000,1.9287,173.9,9.6
3,CSV,ref plus S=8 l=5.25,1000000,2.1303,70.6,10.9
3,CSV,ref w1 S=8 l=5.25,1000000,2.1088,80.8,11.0
3,CSV,ref w2 S=8 l=5,1000000,2.0219,100.4,9.2
3,CSV,ref w3 S=8 l=5,1000000,1.9816,119.5,9.2
3,CSV,ref phast S=8 l=4.5,1000000,1.9306,806.0,8.1
3,CSV,PHast-R S=8 L=1024 R=4 d=0 l=4.75 u8,1000000,2.0371,78.2,10.1
3,CSV,PHast-R S=8 L=1024 R=4 d=1 l=4.75 u8,1000000,1.9411,115.3,9.4
3,CSV,PHast-R S=8 L=1024 R=4 d=2 l=4.75 u8,1000000,1.9293,174.9,9.3
4,CSV,ref plus S=8 l=5.25,1000000,2.1315,67.8,11.3
4,CSV,ref w1 S=8 l=5.25,1000000,2.1095,79.1,11.4
4,CSV,ref w2 S=8 l=5,1000000,2.0288,98.3,9.4
4,CSV,ref w3 S=8 l=5,1000000,1.9847,119.5,9.3
4,CSV,ref phast S=8 l=4.5,1000000,1.9339,814.1,8.1
4,CSV,PHast-R S=8 L=1024 R=4 d=0 l=4.75 u8,1000000,2.0372,77.3,10.1
4,CSV,PHast-R S=8 L=1024 R=4 d=1 l=4.75 u8,1000000,1.9428,115.7,9.5
4,CSV,PHast-R S=8 L=1024 R=4 d=2 l=4.75 u8,1000000,1.9300,188.1,9.3
0,CSV,ref plus S=8 l=5.25,2000000,2.1201,63.1,16.9
0,CSV,ref w1 S=8 l=5.25,2000000,2.1006,79.5,17.2
0,CSV,ref w2 S=8 l=5,2000000,2.0179,97.0,14.4
0,CSV,ref w3 S=8 l=5,2000000,1.9749,118.5,14.9
0,CSV,ref phast S=8 l=4.5,2000000,1.9280,808.8,13.8
0,CSV,PHast-R S=8 L=1024 R=4 d=0 l=4.75 u8,2000000,2.0306,78.5,15.8
0,CSV,PHast-R S=8 L=1024 R=4 d=1 l=4.75 u8,2000000,1.9369,121.7,15.6
0,CSV,PHast-R S=8 L=1024 R=4 d=2 l=4.75 u8,2000000,1.9232,190.9,15.2
1,CSV,ref plus S=8 l=5.25,2000000,2.1216,63.9,16.9
1,CSV,ref w1 S=8 l=5.25,2000000,2.1052,81.8,17.2
1,CSV,ref w2 S=8 l=5,2000000,2.0179,98.8,14.2
1,CSV,ref w3 S=8 l=5,2000000,1.9766,120.9,14.6
1,CSV,ref phast S=8 l=4.5,2000000,1.9282,817.1,13.4
1,CSV,PHast-R S=8 L=1024 R=4 d=0 l=4.75 u8,2000000,2.0326,80.7,16.1
1,CSV,PHast-R S=8 L=1024 R=4 d=1 l=4.75 u8,2000000,1.9372,116.8,15.1
1,CSV,PHast-R S=8 L=1024 R=4 d=2 l=4.75 u8,2000000,1.9252,179.8,14.9
2,CSV,ref plus S=8 l=5.25,2000000,2.1188,63.1,16.5
2,CSV,ref w1 S=8 l=5.25,2000000,2.0991,82.4,16.5
2,CSV,ref w2 S=8 l=5,2000000,2.0186,99.6,14.0
2,CSV,ref w3 S=8 l=5,2000000,1.9762,122.3,14.5
2,CSV,ref phast S=8 l=4.5,2000000,1.9279,814.5,13.5
2,CSV,PHast-R S=8 L=1024 R=4 d=0 l=4.75 u8,2000000,2.0296,77.4,16.0
2,CSV,PHast-R S=8 L=1024 R=4 d=1 l=4.75 u8,2000000,1.9385,116.6,15.1
2,CSV,PHast-R S=8 L=1024 R=4 d=2 l=4.75 u8,2000000,1.9240,190.6,14.9
3,CSV,ref plus S=8 l=5.25,2000000,2.1243,64.2,16.2
3,CSV,ref w1 S=8 l=5.25,2000000,2.1005,79.6,16.2
3,CSV,ref w2 S=8 l=5,2000000,2.0186,96.8,14.1
3,CSV,ref w3 S=8 l=5,2000000,1.9754,117.8,14.4
3,CSV,ref phast S=8 l=4.5,2000000,1.9283,805.2,13.4
3,CSV,PHast-R S=8 L=1024 R=4 d=0 l=4.75 u8,2000000,2.0305,77.6,15.9
3,CSV,PHast-R S=8 L=1024 R=4 d=1 l=4.75 u8,2000000,1.9366,115.9,15.4
3,CSV,PHast-R S=8 L=1024 R=4 d=2 l=4.75 u8,2000000,1.9231,185.2,14.9
4,CSV,ref plus S=8 l=5.25,2000000,2.1215,62.7,16.9
4,CSV,ref w1 S=8 l=5.25,2000000,2.1008,79.3,16.7
4,CSV,ref w2 S=8 l=5,2000000,2.0189,96.8,14.5
4,CSV,ref w3 S=8 l=5,2000000,1.9756,117.8,15.5
4,CSV,ref phast S=8 l=4.5,2000000,1.9276,813.7,13.9
4,CSV,PHast-R S=8 L=1024 R=4 d=0 l=4.75 u8,2000000,2.0306,80.8,16.0
4,CSV,PHast-R S=8 L=1024 R=4 d=1 l=4.75 u8,2000000,1.9372,118.9,16.1
4,CSV,PHast-R S=8 L=1024 R=4 d=2 l=4.75 u8,2000000,1.9238,180.4,15.9
0,CSV,ref plus S=8 l=5.25,5000000,2.1169,65.3,23.3
0,CSV,ref w1 S=8 l=5.25,5000000,2.0981,81.9,23.0
0,CSV,ref w2 S=8 l=5,5000000,2.0138,98.8,20.2
0,CSV,ref w3 S=8 l=5,5000000,1.9722,120.7,21.3
0,CSV,ref phast S=8 l=4.5,5000000,1.9237,819.3,20.0
0,CSV,PHast-R S=8 L=1024 R=4 d=0 l=4.75 u8,5000000,2.0251,80.5,23.2
0,CSV,PHast-R S=8 L=1024 R=4 d=1 l=4.75 u8,5000000,1.9334,121.1,22.9
0,CSV,PHast-R S=8 L=1024 R=4 d=2 l=4.75 u8,5000000,1.9198,188.4,22.9
1,CSV,ref plus S=8 l=5.25,5000000,2.1174,65.0,23.4
1,CSV,ref w1 S=8 l=5.25,5000000,2.0971,80.7,23.0
1,CSV,ref w2 S=8 l=5,5000000,2.0135,97.7,20.4
1,CSV,ref w3 S=8 l=5,5000000,1.9723,118.7,21.4
1,CSV,ref phast S=8 l=4.5,5000000,1.9228,819.4,20.3
1,CSV,PHast-R S=8 L=1024 R=4 d=0 l=4.75 u8,5000000,2.0255,79.9,23.5
1,CSV,PHast-R S=8 L=1024 R=4 d=1 l=4.75 u8,5000000,1.9337,117.6,22.8
1,CSV,PHast-R S=8 L=1024 R=4 d=2 l=4.75 u8,5000000,1.9200,189.1,22.5
2,CSV,ref plus S=8 l=5.25,5000000,2.1181,65.7,23.1
2,CSV,ref w1 S=8 l=5.25,5000000,2.0978,82.0,23.4
2,CSV,ref w2 S=8 l=5,5000000,2.0132,99.6,20.3
2,CSV,ref w3 S=8 l=5,5000000,1.9719,121.5,21.1
2,CSV,ref phast S=8 l=4.5,5000000,1.9230,817.2,20.3
2,CSV,PHast-R S=8 L=1024 R=4 d=0 l=4.75 u8,5000000,2.0253,79.7,23.1
2,CSV,PHast-R S=8 L=1024 R=4 d=1 l=4.75 u8,5000000,1.9328,119.7,23.2
2,CSV,PHast-R S=8 L=1024 R=4 d=2 l=4.75 u8,5000000,1.9213,189.8,23.0
3,CSV,ref plus S=8 l=5.25,5000000,2.1175,65.5,22.5
3,CSV,ref w1 S=8 l=5.25,5000000,2.0972,85.1,22.8
3,CSV,ref w2 S=8 l=5,5000000,2.0147,100.7,19.9
3,CSV,ref w3 S=8 l=5,5000000,1.9713,124.8,21.1
3,CSV,ref phast S=8 l=4.5,5000000,1.9232,817.5,20.0
3,CSV,PHast-R S=8 L=1024 R=4 d=0 l=4.75 u8,5000000,2.0255,79.6,22.7
3,CSV,PHast-R S=8 L=1024 R=4 d=1 l=4.75 u8,5000000,1.9339,121.6,22.2
3,CSV,PHast-R S=8 L=1024 R=4 d=2 l=4.75 u8,5000000,1.9199,185.9,22.0
4,CSV,ref plus S=8 l=5.25,5000000,2.1171,64.0,22.4
4,CSV,ref w1 S=8 l=5.25,5000000,2.0975,80.6,22.8
4,CSV,ref w2 S=8 l=5,5000000,2.0141,98.9,19.9
4,CSV,ref w3 S=8 l=5,5000000,1.9721,121.8,20.8
4,CSV,ref phast S=8 l=4.5,5000000,1.9221,813.4,19.8
4,CSV,PHast-R S=8 L=1024 R=4 d=0 l=4.75 u8,5000000,2.0262,77.6,22.7
4,CSV,PHast-R S=8 L=1024 R=4 d=1 l=4.75 u8,5000000,1.9342,117.3,22.0
4,CSV,PHast-R S=8 L=1024 R=4 d=2 l=4.75 u8,5000000,1.9199,183.2,22.0
0,CSV,ref plus S=8 l=5.25,10000000,2.1160,64.2,25.9
0,CSV,ref w1 S=8 l=5.25,10000000,2.0964,80.7,26.7
0,CSV,ref w2 S=8 l=5,10000000,2.0126,99.0,23.1
0,CSV,ref w3 S=8 l=5,10000000,1.9701,121.3,24.6
0,CSV,ref phast S=8 l=4.5,10000000,1.9218,816.1,23.2
0,CSV,PHast-R S=8 L=1024 R=4 d=0 l=4.75 u8,10000000,2.0242,79.4,26.4
0,CSV,PHast-R S=8 L=1024 R=4 d=1 l=4.75 u8,10000000,1.9306,117.7,25.8
0,CSV,PHast-R S=8 L=1024 R=4 d=2 l=4.75 u8,10000000,1.9183,187.1,26.1
1,CSV,ref plus S=8 l=5.25,10000000,2.1174,64.9,26.1
1,CSV,ref w1 S=8 l=5.25,10000000,2.0958,80.7,25.6
1,CSV,ref w2 S=8 l=5,10000000,2.0116,98.3,22.9
1,CSV,ref w3 S=8 l=5,10000000,1.9698,119.3,23.9
1,CSV,ref phast S=8 l=4.5,10000000,1.9218,817.9,22.8
1,CSV,PHast-R S=8 L=1024 R=4 d=0 l=4.75 u8,10000000,2.0241,77.2,26.1
1,CSV,PHast-R S=8 L=1024 R=4 d=1 l=4.75 u8,10000000,1.9306,118.6,25.9
1,CSV,PHast-R S=8 L=1024 R=4 d=2 l=4.75 u8,10000000,1.9177,189.5,25.4
2,CSV,ref plus S=8 l=5.25,10000000,2.1171,65.7,25.7
2,CSV,ref w1 S=8 l=5.25,10000000,2.0967,81.4,25.8
2,CSV,ref w2 S=8 l=5,10000000,2.0122,99.9,22.8
2,CSV,ref w3 S=8 l=5,10000000,1.9701,121.4,23.9
2,CSV,ref phast S=8 l=4.5,10000000,1.9223,818.5,23.2
2,CSV,PHast-R S=8 L=1024 R=4 d=0 l=4.75 u8,10000000,2.0244,77.6,25.9
2,CSV,PHast-R S=8 L=1024 R=4 d=1 l=4.75 u8,10000000,1.9311,117.1,25.2
2,CSV,PHast-R S=8 L=1024 R=4 d=2 l=4.75 u8,10000000,1.9180,187.8,25.1
3,CSV,ref plus S=8 l=5.25,10000000,2.1170,65.6,26.3
3,CSV,ref w1 S=8 l=5.25,10000000,2.0961,85.1,26.4
3,CSV,ref w2 S=8 l=5,10000000,2.0121,103.8,23.5
3,CSV,ref w3 S=8 l=5,10000000,1.9697,122.1,24.4
3,CSV,ref phast S=8 l=4.5,10000000,1.9223,816.4,23.4
3,CSV,PHast-R S=8 L=1024 R=4 d=0 l=4.75 u8,10000000,2.0243,79.6,26.5
3,CSV,PHast-R S=8 L=1024 R=4 d=1 l=4.75 u8,10000000,1.9318,120.2,25.5
3,CSV,PHast-R S=8 L=1024 R=4 d=2 l=4.75 u8,10000000,1.9183,190.8,25.7
4,CSV,ref plus S=8 l=5.25,10000000,2.1170,66.1,25.7
4,CSV,ref w1 S=8 l=5.25,10000000,2.0966,81.9,25.8
4,CSV,ref w2 S=8 l=5,10000000,2.0123,100.2,23.2
4,CSV,ref w3 S=8 l=5,10000000,1.9692,120.8,24.8
4,CSV,ref phast S=8 l=4.5,10000000,1.9212,819.4,23.8
4,CSV,PHast-R S=8 L=1024 R=4 d=0 l=4.75 u8,10000000,2.0241,77.0,26.4
4,CSV,PHast-R S=8 L=1024 R=4 d=1 l=4.75 u8,10000000,1.9304,120.8,25.2
4,CSV,PHast-R S=8 L=1024 R=4 d=2 l=4.75 u8,10000000,1.9172,189.5,25.1
