0,CSV,ref plus S=8 l=5.25,10000,2.7128,217.1,9.0
0,CSV,ref w1 S=8 l=5.25,10000,2.7864,228.8,9.3
0,CSV,ref w2 S=8 l=5,10000,2.7456,352.7,9.2
0,CSV,ref w3 S=8 l=5,10000,2.7040,336.8,8.7
0,CSV,ref phast S=8 l=4.5,10000,2.3944,870.3,6.1
0,CSV,PHast-R S=8 L=1024 R=4 d=0 l=4.75 u8,10000,2.5656,94.2,5.8
0,CSV,PHast-R S=8 L=1024 R=4 d=1 l=4.75 u8,10000,2.5176,126.2,6.2
0,CSV,PHast-R S=8 L=1024 R=4 d=2 l=4.75 u8,10000,2.5072,182.9,6.1
1,CSV,ref plus S=8 l=5.25,10000,2.7424,354.1,10.1
1,CSV,ref w1 S=8 l=5.25,10000,2.7896,235.0,9.4
1,CSV,ref w2 S=8 l=5,10000,2.7360,228.9,7.9
1,CSV,ref w3 S=8 l=5,10000,2.6952,398.6,18.8
1,CSV,ref phast S=8 l=4.5,10000,2.4120,866.4,6.3
1,CSV,PHast-R S=8 L=1024 R=4 d=0 l=4.75 u8,10000,2.5664,97.0,6.6
1,CSV,PHast-R S=8 L=1024 R=4 d=1 l=4.75 u8,10000,2.4880,139.5,6.3
1,CSV,PHast-R S=8 L=1024 R=4 d=2 l=4.75 u8,10000,2.4976,212.6,5.7
2,CSV,ref plus S=8 l=5.25,10000,2.7456,228.5,10.3
2,CSV,ref w1 S=8 l=5.25,10000,2.8176,235.7,10.0
2,CSV,ref w2 S=8 l=5,10000,2.7544,223.1,8.1
2,CSV,ref w3 S=8 l=5,10000,2.6960,243.0,8.4
2,CSV,ref phast S=8 l=4.5,10000,2.3936,867.9,6.1
2,CSV,PHast-R S=8 L=1024 R=4 d=0 l=4.75 u8,10000,2.5656,91.0,7.1
2,CSV,PHast-R S=8 L=1024 R=4 d=1 l=4.75 u8,10000,2.5176,120.8,5.7
2,CSV,PHast-R S=8 L=1024 R=4 d=2 l=4.75 u8,10000,2.4976,196.1,5.8
0,CSV,ref plus S=8 l=5.25,30000,2.3981,172.6,11.6
0,CSV,ref w1 S=8 l=5.25,30000,2.3947,178.3,9.4
0,CSV,ref w2 S=8 l=5,30000,2.3045,171.0,9.3
0,CSV,ref w3 S=8 l=5,30000,2.2653,192.5,8.2
0,CSV,ref phast S=8 l=4.5,30000,2.1424,863.6,10.9
0,CSV,PHast-R S=8 L=1024 R=4 d=0 l=4.75 u8,30000,2.2541,80.1,6.2
0,CSV,PHast-R S=8 L=1024 R=4 d=1 l=4.75 u8,30000,2.1784,105.2,5.9
0,CSV,PHast-R S=8 L=1024 R=4 d=2 l=4.75 u8,30000,2.1688,176.5,5.7
1,CSV,ref plus S=8 l=5.25,30000,2.3853,171.7,10.8
1,CSV,ref w1 S=8 l=5.25,30000,2.3811,178.3,8.7
1,CSV,ref w2 S=8 l=5,30000,2.3104,172.3,7.7
1,CSV,ref w3 S=8 l=5,30000,2.2568,188.0,8.4
1,CSV,ref phast S=8 l=4.5,30000,2.1483,813.1,10.4
1,CSV,PHast-R S=8 L=1024 R=4 d=0 l=4.75 u8,30000,2.2547,77.4,6.7
1,CSV,PHast-R S=8 L=1024 R=4 d=1 l=4.75 u8,30000,2.1811,102.5,5.4
1,CSV,PHast-R S=8 L=1024 R=4 d=2 l=4.75 u8,30000,2.1835,171.0,6.5
2,CSV,ref plus S=8 l=5.25,30000,2.3973,174.9,10.4
2,CSV,ref w1 S=8 l=5.25,30000,2.3947,180.2,8.4
2,CSV,ref w2 S=8 l=5,30000,2.2952,172.6,8.3
2,CSV,ref w3 S=8 l=5,30000,2.2731,188.7,9.7
2,CSV,ref phast S=8 l=4.5,30000,2.1696,859.3,9.8
2,CSV,PHast-R S=8 L=1024 R=4 d=0 l=4.75 u8,30000,2.2696,76.6,6.4
2,CSV,PHast-R S=8 L=1024 R=4 d=1 l=4.75 u8,30000,2.1989,118.9,5.9
2,CSV,PHast-R S=8 L=1024 R=4 d=2 l=4.75 u8,30000,2.2024,185.2,6.1
0,CSV,ref plus S=8 l=5.25,100000,2.2365,46.4,12.6
0,CSV,ref w1 S=8 l=5.25,100000,2.2516,51.5,10.5
0,CSV,ref w2 S=8 l=5,100000,2.1746,52.9,15.7
0,CSV,ref w3 S=8 l=5,100000,2.1410,60.5,9.6
0,CSV,ref phast S=8 l=4.5,100000,2.0919,230.4,15.2
0,CSV,PHast-R S=8 L=1024 R=4 d=0 l=4.75 u8,100000,2.1155,57.1,8.1
0,CSV,PHast-R S=8 L=1024 R=4 d=1 l=4.75 u8,100000,2.0751,76.6,7.4
0,CSV,PHast-R S=8 L=1024 R=4 d=2 l=4.75 u8,100000,2.0668,98.1,7.3
1,CSV,ref plus S=8 l=5.25,100000,2.2400,46.8,13.3
1,CSV,ref w1 S=8 l=5.25,100000,2.2524,50.6,10.4
1,CSV,ref w2 S=8 l=5,100000,2.1690,52.0,10.0
1,CSV,ref w3 S=8 l=5,100000,2.1400,57.0,8.8
1,CSV,ref phast S=8 l=4.5,100000,2.0770,225.1,13.6
1,CSV,PHast-R S=8 L=1024 R=4 d=0 l=4.75 u8,100000,2.1154,56.3,7.3
1,CSV,PHast-R S=8 L=1024 R=4 d=1 l=4.75 u8,100000,2.0818,72.3,6.9
1,CSV,PHast-R S=8 L=1024 R=4 d=2 l=4.75 u8,100000,2.0662,105.2,7.0
2,CSV,ref plus S=8 l=5.25,100000,2.2386,45.9,12.1
2,CSV,ref w1 S=8 l=5.25,100000,2.2450,51.7,10.4
2,CSV,ref w2 S=8 l=5,100000,2.1723,51.4,9.6
2,CSV,ref w3 S=8 l=5,100000,2.1398,59.2,8.9
2,CSV,ref phast S=8 l=4.5,100000,2.0747,222.3,15.4
2,CSV,PHast-R S=8 L=1024 R=4 d=0 l=4.75 u8,100000,2.1103,73.4,8.3
2,CSV,PHast-R S=8 L=1024 R=4 d=1 l=4.75 u8,100000,2.0715,75.2,7.5
2,CSV,PHast-R S=8 L=1024 R=4 d=2 l=4.75 u8,100000,2.0694,108.1,7.0
0,CSV,ref plus S=8 l=5.25,300000,2.1687,31.7,19.5
0,CSV,ref w1 S=8 l=5.25,300000,2.1657,34.5,17.0
0,CSV,ref w2 S=8 l=5,300000,2.0966,32.4,12.6
0,CSV,ref w3 S=8 l=5,300000,2.0574,37.0,13.7
0,CSV,ref phast S=8 l=4.5,300000,2.0223,155.4,20.6
0,CSV,PHast-R S=8 L=1024 R=4 d=0 l=4.75 u8,300000,2.0772,37.1,9.8
0,CSV,PHast-R S=8 L=1024 R=4 d=1 l=4.75 u8,300000,2.0008,44.4,9.9
0,CSV,PHast-R S=8 L=1024 R=4 d=2 l=4.75 u8,300000,1.9845,60.0,9.5
1,CSV,ref plus S=8 l=5.25,300000,2.1706,31.7,19.4
1,CSV,ref w1 S=8 l=5.25,300000,2.1689,34.7,15.5
1,CSV,ref w2 S=8 l=5,300000,2.0940,33.4,11.8
1,CSV,ref w3 S=8 l=5,300000,2.0585,36.5,13.3
1,CSV,ref phast S=8 l=4.5,300000,2.0155,151.9,21.1
1,CSV,PHast-R S=8 L=1024 R=4 d=0 l=4.75 u8,300000,2.0731,32.1,10.0
1,CSV,PHast-R S=8 L=1024 R=4 d=1 l=4.75 u8,300000,1.9917,44.4,8.9
1,CSV,PHast-R S=8 L=1024 R=4 d=2 l=4.75 u8,300000,1.9846,57.7,9.3
2,CSV,ref plus S=8 l=5.25,300000,2.1644,31.8,22.1
2,CSV,ref w1 S=8 l=5.25,300000,2.1603,34.0,17.3
2,CSV,ref w2 S=8 l=5,300000,2.0943,33.7,14.4
2,CSV,ref w3 S=8 l=5,300000,2.0582,37.1,12.8
2,CSV,ref phast S=8 l=4.5,300000,2.0200,173.5,21.2
2,CSV,PHast-R S=8 L=1024 R=4 d=0 l=4.75 u8,300000,2.0726,31.6,10.2
2,CSV,PHast-R S=8 L=1024 R=4 d=1 l=4.75 u8,300000,1.9931,43.6,9.1
2,CSV,PHast-R S=8 L=1024 R=4 d=2 l=4.75 u8,300000,1.9829,57.8,8.6
0,CSV,ref plus S=8 l=5.25,1000000,2.1378,26.4,29.0
0,CSV,ref w1 S=8 l=5.25,1000000,2.1186,22.5,23.1
0,CSV,ref w2 S=8 l=5,1000000,2.0425,28.0,25.9
0,CSV,ref w3 S=8 l=5,1000000,1.9995,30.7,25.8
0,CSV,ref phast S=8 l=4.5,1000000,1.9512,133.3,42.6
0,CSV,PHast-R S=8 L=1024 R=4 d=0 l=4.75 u8,1000000,2.0469,19.9,20.3
0,CSV,PHast-R S=8 L=1024 R=4 d=1 l=4.75 u8,1000000,1.9580,28.2,19.1
0,CSV,PHast-R S=8 L=1024 R=4 d=2 l=4.75 u8,1000000,1.9445,48.7,20.3
1,CSV,ref plus S=8 l=5.25,1000000,2.1440,27.4,30.5
1,CSV,ref w1 S=8 l=5.25,1000000,2.1232,22.9,30.4
1,CSV,ref w2 S=8 l=5,1000000,2.0400,28.6,22.9
1,CSV,ref w3 S=8 l=5,1000000,1.9985,31.3,27.8
1,CSV,ref phast S=8 l=4.5,1000000,1.9521,134.4,25.9
1,CSV,PHast-R S=8 L=1024 R=4 d=0 l=4.75 u8,1000000,2.0475,18.6,20.0
1,CSV,PHast-R S=8 L=1024 R=4 d=1 l=4.75 u8,1000000,1.9559,23.5,19.3
1,CSV,PHast-R S=8 L=1024 R=4 d=2 l=4.75 u8,1000000,1.9445,37.1,19.4
2,CSV,ref plus S=8 l=5.25,1000000,2.1366,26.5,29.3
2,CSV,ref w1 S=8 l=5.25,1000000,2.1200,24.2,31.3
2,CSV,ref w2 S=8 l=5,1000000,2.0417,28.4,23.8
2,CSV,ref w3 S=8 l=5,1000000,1.9964,30.8,35.7
2,CSV,ref phast S=8 l=4.5,1000000,1.9511,134.2,39.1
2,CSV,PHast-R S=8 L=1024 R=4 d=0 l=4.75 u8,1000000,2.0477,21.6,20.9
2,CSV,PHast-R S=8 L=1024 R=4 d=1 l=4.75 u8,1000000,1.9558,23.9,19.5
2,CSV,PHast-R S=8 L=1024 R=4 d=2 l=4.75 u8,1000000,1.9414,37.8,20.0
0,CSV,ref plus S=8 l=5.25,3000000,2.1226,17.3,38.6
0,CSV,ref w1 S=8 l=5.25,3000000,2.1061,18.8,34.1
0,CSV,ref w2 S=8 l=5,3000000,2.0228,20.4,36.6
0,CSV,ref w3 S=8 l=5,3000000,1.9808,23.7,31.9
0,CSV,ref phast S=8 l=4.5,3000000,1.9330,121.2,37.5
0,CSV,PHast-R S=8 L=1024 R=4 d=0 l=4.75 u8,3000000,2.0315,16.5,30.9
0,CSV,PHast-R S=8 L=1024 R=4 d=1 l=4.75 u8,3000000,1.9396,22.3,26.1
0,CSV,PHast-R S=8 L=1024 R=4 d=2 l=4.75 u8,3000000,1.9262,33.5,25.6
1,CSV,ref plus S=8 l=5.25,3000000,2.1237,17.2,36.6
1,CSV,ref w1 S=8 l=5.25,3000000,2.1066,19.2,35.7
1,CSV,ref w2 S=8 l=5,3000000,2.0229,20.5,30.4
1,CSV,ref w3 S=8 l=5,3000000,1.9817,23.9,35.4
1,CSV,ref phast S=8 l=4.5,3000000,1.9328,120.2,33.5
1,CSV,PHast-R S=8 L=1024 R=4 d=0 l=4.75 u8,3000000,2.0316,18.5,28.1
1,CSV,PHast-R S=8 L=1024 R=4 d=1 l=4.75 u8,3000000,1.9405,22.3,31.7
1,CSV,PHast-R S=8 L=1024 R=4 d=2 l=4.75 u8,3000000,1.9264,33.6,26.0
2,CSV,ref plus S=8 l=5.25,3000000,2.1243,17.2,36.1
2,CSV,ref w1 S=8 l=5.25,3000000,2.1068,18.7,37.7
2,CSV,ref w2 S=8 l=5,3000000,2.0243,21.3,36.8
2,CSV,ref w3 S=8 l=5,3000000,1.9820,23.7,35.2
2,CSV,ref phast S=8 l=4.5,3000000,1.9330,120.7,35.5
2,CSV,PHast-R S=8 L=1024 R=4 d=0 l=4.75 u8,3000000,2.0319,16.9,32.2
2,CSV,PHast-R S=8 L=1024 R=4 d=1 l=4.75 u8,3000000,1.9402,22.8,26.5
2,CSV,PHast-R S=8 L=1024 R=4 d=2 l=4.75 u8,3000000,1.9283,33.8,35.5
0,CSV,ref plus S=8 l=5.25,10000000,2.1172,16.8,51.3
0,CSV,ref w1 S=8 l=5.25,10000000,2.0983,18.2,49.0
0,CSV,ref w2 S=8 l=5,10000000,2.0147,20.4,43.5
0,CSV,ref w3 S=8 l=5,10000000,1.9725,23.3,44.4
0,CSV,ref phast S=8 l=4.5,10000000,1.9256,116.3,45.7
0,CSV,PHast-R S=8 L=1024 R=4 d=0 l=4.75 u8,10000000,2.0259,17.0,39.9
0,CSV,PHast-R S=8 L=1024 R=4 d=1 l=4.75 u8,10000000,1.9329,22.4,48.5
0,CSV,PHast-R S=8 L=1024 R=4 d=2 l=4.75 u8,10000000,1.9202,31.8,38.9
1,CSV,ref plus S=8 l=5.25,10000000,2.1176,16.9,54.9
1,CSV,ref w1 S=8 l=5.25,10000000,2.0983,18.0,46.1
1,CSV,ref w2 S=8 l=5,10000000,2.0137,21.2,47.0
1,CSV,ref w3 S=8 l=5,10000000,1.9722,24.2,47.3
1,CSV,ref phast S=8 l=4.5,10000000,1.9259,116.8,68.4
1,CSV,PHast-R S=8 L=1024 R=4 d=0 l=4.75 u8,10000000,2.0254,16.6,41.3
1,CSV,PHast-R S=8 L=1024 R=4 d=1 l=4.75 u8,10000000,1.9332,22.1,38.1
1,CSV,PHast-R S=8 L=1024 R=4 d=2 l=4.75 u8,10000000,1.9194,32.4,41.3
2,CSV,ref plus S=8 l=5.25,10000000,2.1183,16.7,48.3
2,CSV,ref w1 S=8 l=5.25,10000000,2.0989,18.1,53.9
2,CSV,ref w2 S=8 l=5,10000000,2.0153,20.5,47.2
2,CSV,ref w3 S=8 l=5,10000000,1.9729,23.7,44.2
2,CSV,ref phast S=8 l=4.5,10000000,1.9262,117.4,44.9
2,CSV,PHast-R S=8 L=1024 R=4 d=0 l=4.75 u8,10000000,2.0265,16.3,43.6
2,CSV,PHast-R S=8 L=1024 R=4 d=1 l=4.75 u8,10000000,1.9335,21.8,45.0
2,CSV,PHast-R S=8 L=1024 R=4 d=2 l=4.75 u8,10000000,1.9207,31.9,38.6
0,CSV,ref plus S=8 l=5.25,30000000,2.1160,16.1,62.4
0,CSV,ref w1 S=8 l=5.25,30000000,2.0960,18.3,55.4
0,CSV,ref w2 S=8 l=5,30000000,2.0122,20.7,52.1
0,CSV,ref w3 S=8 l=5,30000000,1.9698,23.5,53.6
0,CSV,ref phast S=8 l=4.5,30000000,1.9218,116.5,51.4
0,CSV,PHast-R S=8 L=1024 R=4 d=0 l=4.75 u8,30000000,2.0250,20.2,50.3
0,CSV,PHast-R S=8 L=1024 R=4 d=1 l=4.75 u8,30000000,1.9310,26.0,48.3
0,CSV,PHast-R S=8 L=1024 R=4 d=2 l=4.75 u8,30000000,1.9178,36.4,46.7
1,CSV,ref plus S=8 l=5.25,30000000,2.1163,16.4,59.3
1,CSV,ref w1 S=8 l=5.25,30000000,2.0960,18.4,52.8
1,CSV,ref w2 S=8 l=5,30000000,2.0125,21.1,57.0
1,CSV,ref w3 S=8 l=5,30000000,1.9693,23.4,52.3
1,CSV,ref phast S=8 l=4.5,30000000,1.9222,116.2,54.4
1,CSV,PHast-R S=8 L=1024 R=4 d=0 l=4.75 u8,30000000,2.0248,20.5,54.2
1,CSV,PHast-R S=8 L=1024 R=4 d=1 l=4.75 u8,30000000,1.9308,25.8,46.2
1,CSV,PHast-R S=8 L=1024 R=4 d=2 l=4.75 u8,30000000,1.9182,35.9,44.8
0,CSV,ref plus S=8 l=5.25,100000000,2.1155,16.9,83.8
0,CSV,ref w1 S=8 l=5.25,100000000,2.0949,19.2,63.0
0,CSV,ref w2 S=8 l=5,100000000,2.0108,21.3,58.6
0,CSV,ref w3 S=8 l=5,100000000,1.9686,24.4,61.2
0,CSV,ref phast S=8 l=4.5,100000000,1.9208,116.8,59.2
0,CSV,PHast-R S=8 L=1024 R=4 d=0 l=4.75 u8,100000000,2.0239,17.3,64.6
0,CSV,PHast-R S=8 L=1024 R=4 d=1 l=4.75 u8,100000000,1.9298,22.9,88.8
0,CSV,PHast-R S=8 L=1024 R=4 d=2 l=4.75 u8,100000000,1.9169,32.9,62.4
1,CSV,ref plus S=8 l=5.25,100000000,2.1151,17.0,66.3
1,CSV,ref w1 S=8 l=5.25,100000000,2.0950,19.0,63.3
1,CSV,ref w2 S=8 l=5,100000000,2.0110,21.5,58.5
1,CSV,ref w3 S=8 l=5,100000000,1.9684,24.6,75.6
1,CSV,ref phast S=8 l=4.5,100000000,1.9208,116.9,57.2
1,CSV,PHast-R S=8 L=1024 R=4 d=0 l=4.75 u8,100000000,2.0235,17.1,56.4
1,CSV,PHast-R S=8 L=1024 R=4 d=1 l=4.75 u8,100000000,1.9299,22.9,61.3
1,CSV,PHast-R S=8 L=1024 R=4 d=2 l=4.75 u8,100000000,1.9168,32.6,61.7
