1,CSV,PHast-R S=8 L=1024 R=1 l=4.25 u8,10000000,2.0779,62.9,5.6,5.5,6.2,62.1,66.1,1.94
1,CSV,PHast-R S=8 L=1024 R=2 l=4.25 u8,10000000,1.9737,60.3,4.9,4.9,5.6,59.6,62.1,0.82
1,CSV,PHast-R S=8 L=1024 R=4 l=4.25 u8,10000000,1.9614,47.3,4.1,4.0,4.1,46.7,49.3,0.69
1,CSV,PHast-R S=10 L=2048 R=1 l=5.75 bfvu,10000000,1.9006,78.2,6.3,6.3,6.9,77.1,80.3,1.59
1,CSV,PHast-R S=10 L=2048 R=2 l=5.75 bfvu,10000000,1.8622,76.5,6.0,5.9,6.6,75.8,78.3,1.16
1,CSV,PHast-R S=10 L=2048 R=4 l=5.75 bfvu,10000000,1.8582,83.2,5.4,5.3,5.4,82.8,85.1,1.12
1,CSV,PHast-R S=8 L=1024 R=1 l=4.25 u8,100000000,2.0727,68.1,10.3,10.2,13.5,68.1,68.2,1.94
1,CSV,PHast-R S=8 L=1024 R=2 l=4.25 u8,100000000,1.9728,66.4,8.9,8.7,11.9,66.3,67.5,0.82
1,CSV,PHast-R S=8 L=1024 R=4 l=4.25 u8,100000000,1.9600,53.5,7.5,7.2,7.7,53.3,54.7,0.69
1,CSV,PHast-R S=10 L=2048 R=1 l=5.75 bfvu,100000000,1.8966,84.5,10.9,10.7,14.4,84.5,84.6,1.57
1,CSV,PHast-R S=10 L=2048 R=2 l=5.75 bfvu,100000000,1.8583,83.9,9.9,9.8,13.4,83.7,88.9,1.15
1,CSV,PHast-R S=10 L=2048 R=4 l=5.75 bfvu,100000000,1.8544,90.7,9.0,8.9,9.1,90.2,91.3,1.11
1,CSV,PHast-R S=8 L=1024 R=1 l=4.25 u8,1000000000,2.0726,71.4,24.7,24.6,25.4,71.4,71.4,1.94
1,CSV,PHast-R S=8 L=1024 R=2 l=4.25 u8,1000000000,1.9722,69.4,22.2,22.0,22.5,69.4,69.4,0.82
1,CSV,PHast-R S=8 L=1024 R=4 l=4.25 u8,1000000000,1.9594,56.3,18.7,18.7,18.8,56.3,56.3,0.69
1,CSV,PHast-R S=10 L=2048 R=1 l=5.75 bfvu,1000000000,1.8962,88.5,27.6,27.6,28.1,88.5,88.5,1.57
1,CSV,PHast-R S=10 L=2048 R=2 l=5.75 bfvu,1000000000,1.8579,88.5,26.5,26.4,26.7,88.5,88.5,1.15
1,CSV,PHast-R S=10 L=2048 R=4 l=5.75 bfvu,1000000000,1.8539,93.8,24.4,24.4,24.5,93.8,93.8,1.10
done
