1,CSV,ref plus S=8 l=5,10000000,2.1238,52.6,16.5
1,CSV,ref plus S=8 l=5.25,10000000,2.1160,52.0,14.7
1,CSV,ref plus S=8 l=5.5,10000000,2.1214,52.3,15.0
1,CSV,ref w3 S=8 l=4.5,10000000,2.0021,86.0,11.5
1,CSV,ref w3 S=8 l=4.75,10000000,1.9788,87.0,12.0
1,CSV,ref w3 S=8 l=5,10000000,1.9701,87.8,12.5
1,CSV,ref w3 S=8 l=5.25,10000000,1.9768,89.0,13.0
1,CSV,ref w3 S=8 l=5.5,10000000,1.9868,90.8,14.0
1,CSV,ref phast S=8 l=4.25,10000000,1.9533,683.1,11.0
1,CSV,ref phast S=8 l=4.5,10000000,1.9218,640.8,11.3
1,CSV,ref phast S=8 l=4.75,10000000,1.9168,614.4,12.0
1,CSV,PHast-R S=8 L=1024 R=4 l=4.25 u8,10000000,1.9614,47.5,10.6
1,CSV,PHast-R S=8 L=1024 R=4 l=4.5 u8,10000000,1.9289,45.9,11.0
1,CSV,PHast-R S=8 L=1024 R=4 l=4.75 u8,10000000,1.9208,44.5,11.6
1,CSV,PHast-R S=8 L=1024 R=4 l=5 u8,10000000,1.9253,43.6,12.3
1,CSV,PHast-R S=8 L=1024 R=4 l=5.25 u8,10000000,1.9389,43.8,13.0
1,CSV,ref w3 S=10 l=5.5,10000000,1.9360,129.8,13.1
1,CSV,ref w3 S=10 l=5.75,10000000,1.8923,134.6,13.2
1,CSV,ref w3 S=10 l=6,10000000,1.8718,139.3,13.6
1,CSV,ref w3 S=10 l=6.25,10000000,1.8712,141.8,14.0
1,CSV,ref w3 S=10 l=6.5,10000000,1.8757,144.4,14.6
1,CSV,PHast-R S=10 L=2048 R=4 l=5.5 bfvu,10000000,1.8813,92.8,13.0
1,CSV,PHast-R S=10 L=2048 R=4 l=5.75 bfvu,10000000,1.8582,88.4,13.3
1,CSV,PHast-R S=10 L=2048 R=4 l=6 bfvu,10000000,1.8517,85.5,13.8
1,CSV,PHast-R S=10 L=2048 R=4 l=6.25 bfvu,10000000,1.8573,84.7,14.2
1,CSV,PHast-R S=10 L=2048 R=4 l=6.5 bfvu,10000000,1.8671,87.9,14.9
1,CSV,ref plus S=8 l=5,100000000,2.1225,57.4,35.3
1,CSV,ref plus S=8 l=5.25,100000000,2.1154,57.5,34.8
1,CSV,ref plus S=8 l=5.5,100000000,2.1202,58.0,35.4
1,CSV,ref w3 S=8 l=4.5,100000000,2.0014,91.8,30.3
1,CSV,ref w3 S=8 l=4.75,100000000,1.9775,92.7,30.8
1,CSV,ref w3 S=8 l=5,100000000,1.9681,93.8,31.4
1,CSV,ref w3 S=8 l=5.25,100000000,1.9749,95.0,32.0
1,CSV,ref w3 S=8 l=5.5,100000000,1.9846,96.4,33.3
1,CSV,ref phast S=8 l=4.25,100000000,1.9525,688.5,29.9
1,CSV,ref phast S=8 l=4.5,100000000,1.9205,645.9,30.3
1,CSV,ref phast S=8 l=4.75,100000000,1.9155,618.8,31.0
1,CSV,PHast-R S=8 L=1024 R=4 l=4.25 u8,100000000,1.9600,53.7,28.4
1,CSV,PHast-R S=8 L=1024 R=4 l=4.5 u8,100000000,1.9272,50.5,28.9
1,CSV,PHast-R S=8 L=1024 R=4 l=4.75 u8,100000000,1.9194,49.6,29.8
1,CSV,PHast-R S=8 L=1024 R=4 l=5 u8,100000000,1.9243,49.3,30.8
1,CSV,PHast-R S=8 L=1024 R=4 l=5.25 u8,100000000,1.9374,49.6,31.7
1,CSV,ref w3 S=10 l=5.5,100000000,1.9343,134.0,34.6
1,CSV,ref w3 S=10 l=5.75,100000000,1.8900,139.2,34.7
1,CSV,ref w3 S=10 l=6,100000000,1.8693,143.2,35.2
1,CSV,ref w3 S=10 l=6.25,100000000,1.8683,145.9,35.8
1,CSV,ref w3 S=10 l=6.5,100000000,1.8722,148.9,36.6
1,CSV,PHast-R S=10 L=2048 R=4 l=5.5 bfvu,100000000,1.8784,100.0,34.8
1,CSV,PHast-R S=10 L=2048 R=4 l=5.75 bfvu,100000000,1.8544,93.1,35.2
1,CSV,PHast-R S=10 L=2048 R=4 l=6 bfvu,100000000,1.8487,90.3,35.8
1,CSV,PHast-R S=10 L=2048 R=4 l=6.25 bfvu,100000000,1.8546,89.6,36.5
1,CSV,PHast-R S=10 L=2048 R=4 l=6.5 bfvu,100000000,1.8638,89.9,37.4
1,CSV,ref plus S=8 l=5,1000000000,2.1224,64.0,52.8
1,CSV,ref plus S=8 l=5.25,1000000000,2.1150,64.2,53.9
1,CSV,ref plus S=8 l=5.5,1000000000,2.1196,65.0,55.5
1,CSV,ref w3 S=8 l=4.5,1000000000,2.0009,98.9,43.1
1,CSV,ref w3 S=8 l=4.75,1000000000,1.9773,100.0,44.7
1,CSV,ref w3 S=8 l=5,1000000000,1.9680,100.7,46.4
1,CSV,ref w3 S=8 l=5.25,1000000000,1.9746,101.7,48.4
1,CSV,ref w3 S=8 l=5.5,1000000000,1.9843,103.1,51.6
1,CSV,ref phast S=8 l=4.25,1000000000,1.9523,695.2,40.0
1,CSV,ref phast S=8 l=4.5,1000000000,1.9202,651.9,41.4
1,CSV,ref phast S=8 l=4.75,1000000000,1.9153,625.1,43.7
1,CSV,PHast-R S=8 L=1024 R=4 l=4.25 u8,1000000000,1.9594,58.1,37.5
1,CSV,PHast-R S=8 L=1024 R=4 l=4.5 u8,1000000000,1.9268,53.9,39.1
1,CSV,PHast-R S=8 L=1024 R=4 l=4.75 u8,1000000000,1.9193,53.1,41.5
1,CSV,PHast-R S=8 L=1024 R=4 l=5 u8,1000000000,1.9241,53.2,44.5
1,CSV,PHast-R S=8 L=1024 R=4 l=5.25 u8,1000000000,1.9374,53.5,47.1
1,CSV,ref w3 S=10 l=5.5,1000000000,1.9340,142.2,46.8
1,CSV,ref w3 S=10 l=5.75,1000000000,1.8896,147.8,47.5
1,CSV,ref w3 S=10 l=6,1000000000,1.8688,151.6,49.0
1,CSV,ref w3 S=10 l=6.25,1000000000,1.8678,154.5,50.8
1,CSV,ref w3 S=10 l=6.5,1000000000,1.8718,157.3,53.4
1,CSV,PHast-R S=10 L=2048 R=4 l=5.5 bfvu,1000000000,1.8780,104.0,46.9
1,CSV,PHast-R S=10 L=2048 R=4 l=5.75 bfvu,1000000000,1.8539,97.2,48.2
1,CSV,PHast-R S=10 L=2048 R=4 l=6 bfvu,1000000000,1.8484,96.2,50.1
1,CSV,PHast-R S=10 L=2048 R=4 l=6.25 bfvu,1000000000,1.8540,95.6,52.4
1,CSV,PHast-R S=10 L=2048 R=4 l=6.5 bfvu,1000000000,1.8634,94.4,54.9
done
