1,CSV,ref plus S=8 l=5,10000000,2.1238,51.3,7.2,7.2,7.6,51.2,52.9,6.48
1,CSV,ref plus S=8 l=5.25,10000000,2.1160,51.6,7.6,7.6,8.0,51.5,52.2,7.60
1,CSV,ref plus S=8 l=5.5,10000000,2.1214,52.1,8.1,8.1,8.5,52.0,52.5,8.80
1,CSV,ref w1 S=8 l=5,10000000,2.1059,64.2,6.9,6.8,7.3,64.2,65.0,6.20
1,CSV,ref w1 S=8 l=5.25,10000000,2.0964,65.2,7.4,7.4,7.8,65.2,65.4,7.30
1,CSV,ref w1 S=8 l=5.5,10000000,2.0978,66.0,7.8,7.8,8.2,66.0,66.6,8.45
1,CSV,ref w2 S=8 l=4.75,10000000,2.0221,75.8,5.6,5.6,6.0,75.5,76.3,3.86
1,CSV,ref w2 S=8 l=5,10000000,2.0126,76.4,6.0,5.9,6.3,76.4,77.1,4.92
1,CSV,ref w2 S=8 l=5.25,10000000,2.0157,77.5,6.8,6.8,7.1,77.5,77.7,6.06
1,CSV,ref w3 S=8 l=4.5,10000000,2.0021,86.3,5.1,5.1,5.5,85.9,86.9,2.37
1,CSV,ref w3 S=8 l=4.75,10000000,1.9788,87.6,5.5,5.5,5.9,87.4,87.6,3.27
1,CSV,ref w3 S=8 l=5,10000000,1.9701,89.1,5.9,5.9,6.3,88.9,89.6,4.35
1,CSV,ref w3 S=8 l=5.25,10000000,1.9768,89.4,6.4,6.3,6.7,89.3,89.9,5.52
1,CSV,ref w3 S=8 l=5.5,10000000,1.9868,91.6,7.2,7.1,7.6,91.2,92.0,6.76
1,CSV,ref phast S=8 l=4.25,10000000,1.9533,669.8,4.5,4.5,4.9,669.2,670.6,0.62
1,CSV,ref phast S=8 l=4.5,10000000,1.9218,627.3,4.8,4.8,5.2,627.1,628.1,1.40
1,CSV,ref phast S=8 l=4.75,10000000,1.9168,601.4,5.2,5.2,5.7,601.1,601.5,2.50
1,CSV,PHast-R S=8 L=1024 R=4 l=4 u8,10000000,2.0421,53.6,4.1,4.1,4.5,53.0,55.5,0.33
1,CSV,PHast-R S=8 L=1024 R=4 l=4.25 u8,10000000,1.9614,47.1,4.2,4.2,4.6,46.5,49.2,0.69
1,CSV,PHast-R S=8 L=1024 R=4 l=4.5 u8,10000000,1.9289,43.8,4.6,4.5,4.9,43.1,45.8,1.48
1,CSV,PHast-R S=8 L=1024 R=4 l=4.75 u8,10000000,1.9208,42.7,5.0,5.0,5.4,42.3,44.6,2.54
1,CSV,PHast-R S=8 L=1024 R=4 l=5 u8,10000000,1.9253,42.4,5.6,5.6,5.6,42.0,43.5,3.73
1,CSV,ref plus S=10 l=4.9,10000000,2.1619,53.5,6.6,6.5,7.0,53.4,54.0,1.11
1,CSV,ref plus S=10 l=5.15,10000000,2.0853,53.8,6.5,6.4,7.0,53.5,53.9,1.36
1,CSV,ref plus S=10 l=5.4,10000000,2.0325,54.2,6.7,6.7,7.2,54.1,54.5,1.80
1,CSV,ref w1 S=10 l=5.95,10000000,1.9120,77.0,6.5,6.5,7.0,76.9,77.4,2.46
1,CSV,ref w1 S=10 l=6.2,10000000,1.9047,78.4,6.9,6.9,7.4,78.1,78.5,3.25
1,CSV,ref w1 S=10 l=6.45,10000000,1.9048,78.8,7.3,7.3,7.8,78.8,79.1,4.15
1,CSV,ref w2 S=10 l=5.65,10000000,1.9127,104.2,6.0,6.0,6.5,104.0,104.2,1.38
1,CSV,ref w2 S=10 l=5.9,10000000,1.8828,105.9,6.3,6.3,6.9,105.8,106.0,1.93
1,CSV,ref w2 S=10 l=6.15,10000000,1.8732,108.0,6.6,6.6,7.1,107.9,108.1,2.68
1,CSV,ref w3 S=10 l=5.5,10000000,1.9360,130.3,6.2,6.2,6.7,130.0,130.6,1.11
1,CSV,ref w3 S=10 l=5.75,10000000,1.8923,135.3,6.3,6.3,6.7,134.8,135.7,1.50
1,CSV,ref w3 S=10 l=6,10000000,1.8718,139.1,6.6,6.6,7.1,139.0,139.2,2.15
1,CSV,ref w3 S=10 l=6.25,10000000,1.8712,142.6,6.9,6.9,7.4,142.5,142.8,2.98
1,CSV,ref w3 S=10 l=6.5,10000000,1.8757,144.6,7.4,7.4,7.9,144.5,144.7,3.92
1,CSV,ref phast S=10 l=5.8,10000000,1.8610,1928.4,6.6,6.6,7.1,1928.0,1928.8,1.33
1,CSV,ref phast S=10 l=6.05,10000000,1.8536,1857.5,7.0,7.0,7.5,1857.5,1858.4,2.12
1,CSV,ref phast S=10 l=6.3,10000000,1.8592,1813.4,7.4,7.4,7.9,1811.6,1813.8,3.01
1,CSV,PHast-R S=10 L=2048 R=4 l=5.5 bfvu,10000000,1.8813,89.1,5.3,5.2,5.7,89.0,91.3,0.53
1,CSV,PHast-R S=10 L=2048 R=4 l=5.75 bfvu,10000000,1.8582,87.6,5.5,5.5,6.0,83.4,90.0,1.12
1,CSV,PHast-R S=10 L=2048 R=4 l=6 bfvu,10000000,1.8517,80.9,5.9,5.8,6.3,80.4,82.6,1.90
1,CSV,PHast-R S=10 L=2048 R=4 l=6.25 bfvu,10000000,1.8573,80.6,6.2,6.2,6.7,80.1,82.1,2.80
1,CSV,PHast-R S=10 L=2048 R=4 l=6.5 bfvu,10000000,1.8671,80.4,6.8,6.8,6.8,80.2,81.9,3.79
1,CSV,ref plus S=8 l=5,100000000,2.1225,57.3,15.8,15.5,15.8,57.2,57.8,6.47
1,CSV,ref plus S=8 l=5.25,100000000,2.1154,58.5,16.2,16.0,16.4,58.0,58.5,7.61
1,CSV,ref plus S=8 l=5.5,100000000,2.1202,58.0,17.1,17.1,17.2,58.0,58.3,8.81
1,CSV,ref w1 S=8 l=5,100000000,2.1042,70.2,14.9,14.9,14.9,70.2,70.3,6.19
1,CSV,ref w1 S=8 l=5.25,100000000,2.0945,71.3,15.7,15.7,15.8,71.2,71.4,7.29
1,CSV,ref w1 S=8 l=5.5,100000000,2.0963,72.4,16.6,16.5,16.7,72.4,72.5,8.45
1,CSV,ref w2 S=8 l=4.75,100000000,2.0204,81.8,12.9,12.8,12.9,81.8,82.2,3.85
1,CSV,ref w2 S=8 l=5,100000000,2.0104,82.9,13.6,13.5,13.6,82.8,83.0,4.91
1,CSV,ref w2 S=8 l=5.25,100000000,2.0138,83.8,14.7,14.6,14.7,83.8,84.1,6.05
1,CSV,ref w3 S=8 l=4.5,100000000,2.0014,91.8,12.0,12.0,12.1,91.8,91.9,2.37
1,CSV,ref w3 S=8 l=4.75,100000000,1.9775,93.4,12.8,12.7,12.8,93.4,93.5,3.27
1,CSV,ref w3 S=8 l=5,100000000,1.9681,94.2,13.5,13.4,13.5,94.1,94.5,4.34
1,CSV,ref w3 S=8 l=5.25,100000000,1.9749,95.6,14.3,14.3,14.4,95.5,95.7,5.51
1,CSV,ref w3 S=8 l=5.5,100000000,1.9846,97.2,15.5,15.5,15.8,97.2,97.2,6.75
1,CSV,ref phast S=8 l=4.25,100000000,1.9525,674.3,11.0,11.0,11.4,674.1,674.4,0.62
1,CSV,ref phast S=8 l=4.5,100000000,1.9205,632.5,11.5,11.5,11.6,632.4,633.0,1.40
1,CSV,ref phast S=8 l=4.75,100000000,1.9155,606.6,12.4,12.3,12.4,606.6,606.6,2.49
1,CSV,PHast-R S=8 L=1024 R=4 l=4 u8,100000000,2.0413,60.2,10.3,10.3,10.3,60.0,60.3,0.33
1,CSV,PHast-R S=8 L=1024 R=4 l=4.25 u8,100000000,1.9600,53.2,10.4,10.4,10.4,53.2,53.3,0.69
1,CSV,PHast-R S=8 L=1024 R=4 l=4.5 u8,100000000,1.9272,50.0,11.0,10.9,11.0,49.9,50.1,1.48
1,CSV,PHast-R S=8 L=1024 R=4 l=4.75 u8,100000000,1.9194,50.4,11.8,11.7,12.0,49.2,50.4,2.54
1,CSV,PHast-R S=8 L=1024 R=4 l=5 u8,100000000,1.9243,48.9,12.8,12.7,12.8,48.8,50.2,3.74
1,CSV,ref plus S=10 l=4.9,100000000,2.1582,59.8,15.4,14.9,15.5,59.6,60.2,1.09
1,CSV,ref plus S=10 l=5.15,100000000,2.0825,59.7,14.8,14.5,14.9,59.5,60.1,1.35
1,CSV,ref plus S=10 l=5.4,100000000,2.0290,60.0,15.0,14.9,15.2,59.6,60.4,1.79
1,CSV,ref w1 S=10 l=5.95,100000000,1.9094,82.8,14.9,14.9,15.0,82.8,83.2,2.46
1,CSV,ref w1 S=10 l=6.2,100000000,1.9026,83.8,15.6,15.5,15.7,83.8,84.1,3.25
1,CSV,ref w1 S=10 l=6.45,100000000,1.9020,84.8,16.3,16.3,16.4,84.8,85.1,4.14
1,CSV,ref w2 S=10 l=5.65,100000000,1.9110,109.6,14.1,14.0,14.2,109.5,109.9,1.39
1,CSV,ref w2 S=10 l=5.9,100000000,1.8804,112.0,14.5,14.4,14.6,111.9,112.2,1.93
1,CSV,ref w2 S=10 l=6.15,100000000,1.8710,114.3,15.1,15.0,15.3,114.3,114.3,2.67
1,CSV,ref w3 S=10 l=5.5,100000000,1.9343,135.3,14.2,14.2,14.5,135.3,135.6,1.11
1,CSV,ref w3 S=10 l=5.75,100000000,1.8900,141.3,14.4,14.4,14.6,141.3,141.3,1.50
1,CSV,ref w3 S=10 l=6,100000000,1.8693,144.6,14.9,14.9,15.0,144.6,144.8,2.14
1,CSV,ref w3 S=10 l=6.25,100000000,1.8683,147.5,15.5,15.5,15.6,147.5,147.8,2.97
1,CSV,ref w3 S=10 l=6.5,100000000,1.8722,150.3,16.4,16.4,16.4,150.3,150.3,3.90
1,CSV,ref phast S=10 l=5.8,100000000,1.8594,1930.9,15.1,15.1,15.2,1930.8,1930.9,1.33
1,CSV,ref phast S=10 l=6.05,100000000,1.8520,1861.1,15.8,15.8,15.8,1861.0,1861.4,2.11
1,CSV,ref phast S=10 l=6.3,100000000,1.8585,1815.5,16.6,16.5,16.6,1815.2,1815.5,3.01
1,CSV,PHast-R S=10 L=2048 R=4 l=5.5 bfvu,100000000,1.8784,98.9,12.2,12.2,12.3,97.1,101.7,0.52
1,CSV,PHast-R S=10 L=2048 R=4 l=5.75 bfvu,100000000,1.8544,93.2,12.7,12.6,13.0,90.4,97.1,1.11
1,CSV,PHast-R S=10 L=2048 R=4 l=6 bfvu,100000000,1.8487,87.6,13.4,13.3,13.6,87.5,87.6,1.89
1,CSV,PHast-R S=10 L=2048 R=4 l=6.25 bfvu,100000000,1.8546,86.9,14.2,14.1,14.2,86.8,90.4,2.80
1,CSV,PHast-R S=10 L=2048 R=4 l=6.5 bfvu,100000000,1.8638,90.2,15.1,15.0,15.3,87.1,90.6,3.78
1,CSV,ref plus S=8 l=5,1000000000,2.1224,64.9,30.9,30.9,31.0,64.9,64.9,6.47
1,CSV,ref plus S=8 l=5.25,1000000000,2.1150,64.4,32.2,32.2,32.3,64.4,64.4,7.60
1,CSV,ref plus S=8 l=5.5,1000000000,2.1196,64.9,34.1,34.1,34.2,64.9,64.9,8.80
1,CSV,ref w1 S=8 l=5,1000000000,2.1042,78.0,29.6,29.5,29.6,78.0,78.0,6.20
1,CSV,ref w1 S=8 l=5.25,1000000000,2.0946,77.5,31.1,31.0,31.2,77.5,77.5,7.30
1,CSV,ref w1 S=8 l=5.5,1000000000,2.0962,78.9,32.9,32.8,32.9,78.9,78.9,8.45
1,CSV,ref w2 S=8 l=4.75,1000000000,2.0202,89.7,25.1,25.0,25.1,89.7,89.7,3.85
1,CSV,ref w2 S=8 l=5,1000000000,2.0101,89.3,26.5,26.4,26.6,89.3,89.3,4.90
1,CSV,ref w2 S=8 l=5.25,1000000000,2.0134,90.3,29.1,29.0,29.2,90.3,90.3,6.05
1,CSV,ref w3 S=8 l=4.5,1000000000,2.0009,98.1,22.8,22.8,22.9,98.1,98.1,2.37
1,CSV,ref w3 S=8 l=4.75,1000000000,1.9773,99.3,24.6,24.6,24.6,99.3,99.3,3.27
1,CSV,ref w3 S=8 l=5,1000000000,1.9680,100.2,26.3,26.2,26.3,100.2,100.2,4.34
1,CSV,ref w3 S=8 l=5.25,1000000000,1.9746,101.6,28.1,28.1,28.1,101.6,101.6,5.51
1,CSV,ref w3 S=8 l=5.5,1000000000,1.9843,103.1,30.8,30.7,30.9,103.1,103.1,6.75
1,CSV,ref phast S=8 l=4.25,1000000000,1.9523,680.3,20.2,20.1,20.2,680.3,680.3,0.62
1,CSV,ref phast S=8 l=4.5,1000000000,1.9202,638.1,21.6,21.5,21.6,638.1,638.1,1.40
1,CSV,ref phast S=8 l=4.75,1000000000,1.9153,611.9,23.6,23.5,23.6,611.9,611.9,2.49
1,CSV,PHast-R S=8 L=1024 R=4 l=4 u8,1000000000,2.0410,63.0,18.2,18.2,18.2,63.0,63.0,0.33
1,CSV,PHast-R S=8 L=1024 R=4 l=4.25 u8,1000000000,1.9594,56.3,18.8,18.8,18.9,56.3,56.3,0.69
1,CSV,PHast-R S=8 L=1024 R=4 l=4.5 u8,1000000000,1.9268,54.0,20.4,20.3,20.4,54.0,54.0,1.47
1,CSV,PHast-R S=8 L=1024 R=4 l=4.75 u8,1000000000,1.9193,52.6,22.5,22.4,22.5,52.6,52.6,2.54
1,CSV,PHast-R S=8 L=1024 R=4 l=5 u8,1000000000,1.9241,53.1,24.8,24.8,24.9,53.1,53.1,3.73
1,CSV,ref plus S=10 l=4.9,1000000000,2.1580,67.7,27.0,26.9,27.1,67.7,67.7,1.09
1,CSV,ref plus S=10 l=5.15,1000000000,2.0822,68.4,27.2,27.2,27.3,68.4,68.4,1.35
1,CSV,ref plus S=10 l=5.4,1000000000,2.0285,67.7,28.2,28.1,28.3,67.7,67.7,1.79
1,CSV,ref w1 S=10 l=5.95,1000000000,1.9088,90.6,28.9,28.8,28.9,90.6,90.6,2.46
1,CSV,ref w1 S=10 l=6.2,1000000000,1.9021,91.6,30.7,30.6,30.7,91.6,91.6,3.25
1,CSV,ref w1 S=10 l=6.45,1000000000,1.9016,92.7,32.4,32.3,32.4,92.7,92.7,4.14
1,CSV,ref w2 S=10 l=5.65,1000000000,1.9105,117.0,26.7,26.7,26.7,117.0,117.0,1.38
1,CSV,ref w2 S=10 l=5.9,1000000000,1.8801,119.5,27.9,27.8,27.9,119.5,119.5,1.93
1,CSV,ref w2 S=10 l=6.15,1000000000,1.8704,121.5,29.3,29.2,29.3,121.5,121.5,2.67
1,CSV,ref w3 S=10 l=5.5,1000000000,1.9340,143.1,26.4,26.4,26.5,143.1,143.1,1.11
1,CSV,ref w3 S=10 l=5.75,1000000000,1.8896,148.3,27.2,27.1,27.3,148.3,148.3,1.50
1,CSV,ref w3 S=10 l=6,1000000000,1.8688,152.1,28.6,28.6,28.7,152.1,152.1,2.14
1,CSV,ref w3 S=10 l=6.25,1000000000,1.8678,155.0,30.2,30.1,30.3,155.0,155.0,2.96
1,CSV,ref w3 S=10 l=6.5,1000000000,1.8718,157.4,32.2,32.2,32.3,157.4,157.4,3.90
1,CSV,ref phast S=10 l=5.8,1000000000,1.8590,1938.7,28.9,28.8,28.9,1938.7,1938.7,1.33
1,CSV,ref phast S=10 l=6.05,1000000000,1.8518,1869.0,30.6,30.5,30.7,1869.0,1869.0,2.11
1,CSV,ref phast S=10 l=6.3,1000000000,1.8582,1823.4,32.4,32.3,32.5,1823.4,1823.4,3.01
1,CSV,PHast-R S=10 L=2048 R=4 l=5.5 bfvu,1000000000,1.8780,101.0,23.3,23.3,23.3,101.0,101.0,0.52
1,CSV,PHast-R S=10 L=2048 R=4 l=5.75 bfvu,1000000000,1.8539,94.0,24.5,24.5,24.5,94.0,94.0,1.10
1,CSV,PHast-R S=10 L=2048 R=4 l=6 bfvu,1000000000,1.8484,91.6,26.3,26.3,26.3,91.6,91.6,1.89
1,CSV,PHast-R S=10 L=2048 R=4 l=6.25 bfvu,1000000000,1.8540,91.3,28.0,28.0,28.1,91.3,91.3,2.80
1,CSV,PHast-R S=10 L=2048 R=4 l=6.5 bfvu,1000000000,1.8634,91.3,30.2,30.2,30.3,91.3,91.3,3.78
8,CSV,ref plus S=8 l=5.25,10000000,2.1172,10.8,40.2,40.2,40.2,10.8,11.9,7.61
8,CSV,ref w1 S=8 l=5.25,10000000,2.0983,12.7,48.5,48.5,48.5,12.7,12.8,7.31
8,CSV,ref w2 S=8 l=5,10000000,2.0147,14.2,31.9,31.9,31.9,14.2,14.9,4.93
8,CSV,ref w3 S=8 l=5,10000000,1.9725,15.9,34.3,34.3,34.3,15.7,15.9,4.36
8,CSV,ref phast S=8 l=4.5,10000000,1.9256,84.1,21.3,21.3,21.3,83.9,84.1,1.43
8,CSV,PHast-R S=8 L=1024 R=4 l=4.25 u8,10000000,1.9636,7.8,20.4,20.4,20.4,7.8,7.9,0.71
8,CSV,PHast-R S=8 L=1024 R=4 l=4.5 u8,10000000,1.9309,7.1,23.5,23.5,23.5,7.1,7.5,1.50
8,CSV,PHast-R S=8 L=1024 R=4 l=4.75 u8,10000000,1.9244,7.1,24.8,24.8,24.8,7.1,7.4,2.58
8,CSV,ref plus S=10 l=5.15,10000000,2.0927,11.0,29.9,29.9,29.9,10.9,11.3,1.41
8,CSV,ref w1 S=10 l=6.2,10000000,1.9108,14.9,33.8,33.8,33.8,14.5,15.0,3.30
8,CSV,ref w2 S=10 l=5.9,10000000,1.8904,18.0,32.0,32.0,32.0,17.9,18.2,1.98
8,CSV,ref w3 S=10 l=6,10000000,1.8791,22.2,32.8,32.8,32.8,22.2,22.3,2.20
8,CSV,ref phast S=10 l=6.05,10000000,1.8574,240.2,37.1,37.1,37.1,240.2,240.6,2.14
8,CSV,PHast-R S=10 L=2048 R=4 l=5.75 bfvu,10000000,1.8622,13.4,26.2,26.2,26.2,13.4,13.8,1.16
8,CSV,PHast-R S=10 L=2048 R=4 l=6 bfvu,10000000,1.8554,13.3,29.5,29.5,29.5,13.1,13.4,1.94
8,CSV,PHast-R S=10 L=2048 R=4 l=6.25 bfvu,10000000,1.8613,13.0,10.5,10.5,10.5,12.8,13.1,2.85
8,CSV,ref plus S=8 l=5.25,100000000,2.1155,11.7,55.4,55.4,55.4,11.5,11.8,7.61
8,CSV,ref w1 S=8 l=5.25,100000000,2.0949,13.7,60.6,60.6,60.6,13.5,13.7,7.29
8,CSV,ref w2 S=8 l=5,100000000,2.0108,15.1,44.0,44.0,44.0,15.1,15.2,4.91
8,CSV,ref w3 S=8 l=5,100000000,1.9686,16.6,42.2,42.2,42.2,16.6,16.6,4.34
8,CSV,ref phast S=8 l=4.5,100000000,1.9208,83.8,31.2,31.2,31.2,83.8,84.0,1.40
8,CSV,PHast-R S=8 L=1024 R=4 l=4.25 u8,100000000,1.9604,7.7,33.6,33.6,33.6,7.7,7.8,0.69
8,CSV,PHast-R S=8 L=1024 R=4 l=4.5 u8,100000000,1.9276,7.6,32.6,32.6,32.6,7.5,7.6,1.48
8,CSV,PHast-R S=8 L=1024 R=4 l=4.75 u8,100000000,1.9198,7.7,35.3,35.3,35.3,7.7,7.7,2.54
8,CSV,ref plus S=10 l=5.15,100000000,2.0832,11.4,45.5,45.5,45.5,11.3,11.4,1.36
8,CSV,ref w1 S=10 l=6.2,100000000,1.9032,15.1,50.3,50.3,50.3,15.1,15.2,3.25
8,CSV,ref w2 S=10 l=5.9,100000000,1.8812,18.6,44.9,44.9,44.9,18.5,18.7,1.93
8,CSV,ref w3 S=10 l=6,100000000,1.8700,22.9,45.4,45.4,45.4,22.8,23.0,2.15
8,CSV,ref phast S=10 l=6.05,100000000,1.8525,238.3,49.0,49.0,49.0,238.0,238.4,2.11
8,CSV,PHast-R S=10 L=2048 R=4 l=5.75 bfvu,100000000,1.8551,13.2,38.3,38.3,38.3,13.1,13.2,1.11
8,CSV,PHast-R S=10 L=2048 R=4 l=6 bfvu,100000000,1.8496,12.6,40.5,40.5,40.5,12.6,12.7,1.90
8,CSV,PHast-R S=10 L=2048 R=4 l=6.25 bfvu,100000000,1.8550,12.9,19.4,19.4,19.4,12.9,12.9,2.80
8,CSV,ref plus S=8 l=5.25,1000000000,2.1149,12.7,66.1,66.1,66.1,12.7,12.7,7.60
8,CSV,ref w1 S=8 l=5.25,1000000000,2.0947,14.7,63.2,63.2,63.2,14.7,14.7,7.30
8,CSV,ref w2 S=8 l=5,1000000000,2.0103,16.1,54.6,54.6,54.6,16.1,16.1,4.91
8,CSV,ref w3 S=8 l=5,1000000000,1.9679,17.6,56.5,56.5,56.5,17.6,17.6,4.33
8,CSV,ref phast S=8 l=4.5,1000000000,1.9203,84.7,41.9,41.9,41.9,84.7,84.7,1.40
8,CSV,PHast-R S=8 L=1024 R=4 l=4.25 u8,1000000000,1.9595,8.3,41.5,41.5,41.5,8.3,8.3,0.69
8,CSV,PHast-R S=8 L=1024 R=4 l=4.5 u8,1000000000,1.9268,8.5,39.9,39.9,39.9,8.5,8.5,1.47
8,CSV,PHast-R S=8 L=1024 R=4 l=4.75 u8,1000000000,1.9194,8.6,45.1,45.1,45.1,8.6,8.6,2.54
8,CSV,ref plus S=10 l=5.15,1000000000,2.0823,12.9,52.6,52.6,52.6,12.9,12.9,1.36
8,CSV,ref w1 S=10 l=6.2,1000000000,1.9022,16.5,58.0,58.0,58.0,16.5,16.5,3.25
8,CSV,ref w2 S=10 l=5.9,1000000000,1.8802,19.9,52.5,52.5,52.5,19.9,19.9,1.93
8,CSV,ref w3 S=10 l=6,1000000000,1.8689,24.3,54.2,54.2,54.2,24.3,24.3,2.14
8,CSV,ref phast S=10 l=6.05,1000000000,1.8519,238.5,52.5,52.5,52.5,238.5,238.5,2.11
8,CSV,PHast-R S=10 L=2048 R=4 l=5.75 bfvu,1000000000,1.8539,13.3,43.2,43.2,43.2,13.3,13.3,1.10
8,CSV,PHast-R S=10 L=2048 R=4 l=6 bfvu,1000000000,1.8485,13.9,45.2,45.2,45.2,13.9,13.9,1.89
8,CSV,PHast-R S=10 L=2048 R=4 l=6.25 bfvu,1000000000,1.8541,14.1,36.7,36.7,36.7,14.1,14.1,2.80
done
