1,CSV,ref plus S=8 l=5.25,10000000,2.1168,53.9,52.7,52.7,52.7,53.9,53.9,7.61
1,CSV,ref w1p S=8 l=5.25,10000000,2.0434,79.6,44.7,44.7,44.7,79.6,79.6,6.50
1,CSV,ref w2p S=8 l=5,10000000,2.0004,80.8,34.7,34.7,34.7,80.8,80.8,4.75
1,CSV,ref w3p S=8 l=5,10000000,1.9567,92.0,32.2,32.2,32.2,92.0,92.0,4.16
1,CSV,ref w5p S=8 l=5,10000000,1.9425,115.2,32.0,32.0,32.0,115.2,115.2,3.97
1,CSV,ref w7p S=8 l=5,10000000,1.9409,139.6,31.9,31.9,31.9,139.6,139.6,3.95
1,CSV,ref phast S=8 l=4.5,10000000,1.8869,691.0,26.0,26.0,26.0,691.0,691.0,1.03
1,CSV,PHast-R S=8 L=1024 R=4 l=4.25 u8,10000000,1.9436,56.0,23.6,23.6,23.6,56.0,56.0,0.52
1,CSV,PHast-R S=8 L=1024 R=4 l=4.5 u8,10000000,1.9036,50.7,25.6,25.6,25.6,50.7,50.7,1.20
1,CSV,PHast-R S=8 L=1024 R=4 l=4.75 u8,10000000,1.8988,48.6,30.1,30.1,30.1,48.6,48.6,2.27
1,CSV,PtrHash default,10000000,2.9899,109.6,22.3,22.3,22.3,109.6,109.6,0.00
1,CSV,PtrHash compact,10000000,2.1434,178.5,36.9,36.9,36.9,178.5,178.5,0.00
1,CSV,ref plus S=10 l=5.15,10000000,2.0861,53.7,33.2,33.2,33.2,53.7,53.7,1.37
1,CSV,ref w1p S=10 l=6.2,10000000,1.8916,83.3,36.4,36.4,36.4,83.3,83.3,3.07
1,CSV,ref w2p S=10 l=6.25,10000000,1.8531,113.3,36.1,36.1,36.1,113.3,113.3,2.76
1,CSV,ref w3p S=10 l=6,10000000,1.8521,115.1,36.6,36.6,36.6,115.1,115.1,1.89
1,CSV,ref w5p S=10 l=6,10000000,1.8431,162.8,37.2,37.2,37.2,162.8,162.8,1.78
1,CSV,ref w7p S=10 l=6,10000000,1.8408,206.2,33.1,33.1,33.1,206.2,206.2,1.75
1,CSV,ref phast S=10 l=5.8,10000000,1.8139,2082.3,33.3,33.3,33.3,2082.3,2082.3,0.82
1,CSV,PHast-R S=10 L=2048 R=4 l=5.75 bfvu,10000000,1.8234,92.4,28.3,28.3,28.3,92.4,92.4,0.74
1,CSV,PHast-R S=10 L=2048 R=4 l=6 bfvu,10000000,1.8226,86.6,31.0,31.0,31.0,86.6,86.6,1.54
1,CSV,PHast-R S=10 L=2048 R=4 l=6.25 bfvu,10000000,1.8329,84.9,10.9,10.9,10.9,84.9,84.9,2.51
2,CSV,ref plus S=8 l=5.25,10000000,2.1168,53.4,55.5,55.5,55.5,53.4,53.4,7.61
2,CSV,ref w1p S=8 l=5.25,10000000,2.0440,79.5,41.2,41.2,41.2,79.5,79.5,6.51
2,CSV,ref w2p S=8 l=5,10000000,2.0009,80.7,33.3,33.3,33.3,80.7,80.7,4.76
2,CSV,ref w3p S=8 l=5,10000000,1.9564,91.7,32.4,32.4,32.4,91.7,91.7,4.16
2,CSV,ref w5p S=8 l=5,10000000,1.9431,114.8,31.5,31.5,31.5,114.8,114.8,3.98
2,CSV,ref w7p S=8 l=5,10000000,1.9410,139.4,32.5,32.5,32.5,139.4,139.4,3.95
2,CSV,ref phast S=8 l=4.5,10000000,1.8879,688.9,25.4,25.4,25.4,688.9,688.9,1.03
2,CSV,PHast-R S=8 L=1024 R=4 l=4.25 u8,10000000,1.9442,57.4,24.7,24.7,24.7,57.4,57.4,0.52
2,CSV,PHast-R S=8 L=1024 R=4 l=4.5 u8,10000000,1.9044,54.2,25.2,25.2,25.2,54.2,54.2,1.21
2,CSV,PHast-R S=8 L=1024 R=4 l=4.75 u8,10000000,1.9000,49.0,26.7,26.7,26.7,49.0,49.0,2.29
2,CSV,PtrHash default,10000000,2.9899,107.3,22.3,22.3,22.3,107.3,107.3,0.00
2,CSV,PtrHash compact,10000000,2.1434,177.7,37.4,37.4,37.4,177.7,177.7,0.00
2,CSV,ref plus S=10 l=5.15,10000000,2.0860,53.8,33.8,33.8,33.8,53.8,53.8,1.37
2,CSV,ref w1p S=10 l=6.2,10000000,1.8920,83.9,36.9,36.9,36.9,83.9,83.9,3.08
2,CSV,ref w2p S=10 l=6.25,10000000,1.8529,113.1,34.9,34.9,34.9,113.1,113.1,2.76
2,CSV,ref w3p S=10 l=6,10000000,1.8530,114.8,34.6,34.6,34.6,114.8,114.8,1.90
2,CSV,ref w5p S=10 l=6,10000000,1.8432,162.1,34.3,34.3,34.3,162.1,162.1,1.78
2,CSV,ref w7p S=10 l=6,10000000,1.8420,206.1,34.3,34.3,34.3,206.1,206.1,1.76
2,CSV,ref phast S=10 l=5.8,10000000,1.8144,2082.8,33.8,33.8,33.8,2082.8,2082.8,0.82
2,CSV,PHast-R S=10 L=2048 R=4 l=5.75 bfvu,10000000,1.8240,91.9,30.2,30.2,30.2,91.9,91.9,0.75
2,CSV,PHast-R S=10 L=2048 R=4 l=6 bfvu,10000000,1.8232,86.6,29.9,29.9,29.9,86.6,86.6,1.54
2,CSV,PHast-R S=10 L=2048 R=4 l=6.25 bfvu,10000000,1.8325,84.7,11.2,11.2,11.2,84.7,84.7,2.50
3,CSV,ref plus S=8 l=5.25,10000000,2.1158,53.0,52.3,52.3,52.3,53.0,53.0,7.60
3,CSV,ref w1p S=8 l=5.25,10000000,2.0432,79.5,41.0,41.0,41.0,79.5,79.5,6.50
3,CSV,ref w2p S=8 l=5,10000000,2.0012,80.8,32.0,32.0,32.0,80.8,80.8,4.77
3,CSV,ref w3p S=8 l=5,10000000,1.9558,91.8,32.2,32.2,32.2,91.8,91.8,4.15
3,CSV,ref w5p S=8 l=5,10000000,1.9429,115.0,32.1,32.1,32.1,115.0,115.0,3.98
3,CSV,ref w7p S=8 l=5,10000000,1.9407,139.6,32.7,32.7,32.7,139.6,139.6,3.95
3,CSV,ref phast S=8 l=4.5,10000000,1.8870,689.6,24.9,24.9,24.9,689.6,689.6,1.03
3,CSV,PHast-R S=8 L=1024 R=4 l=4.25 u8,10000000,1.9438,55.6,23.7,23.7,23.7,55.6,55.6,0.52
3,CSV,PHast-R S=8 L=1024 R=4 l=4.5 u8,10000000,1.9032,50.7,23.5,23.5,23.5,50.7,50.7,1.20
3,CSV,PHast-R S=8 L=1024 R=4 l=4.75 u8,10000000,1.8991,48.6,26.9,26.9,26.9,48.6,48.6,2.28
3,CSV,PtrHash default,10000000,2.9899,108.1,23.8,23.8,23.8,108.1,108.1,0.00
3,CSV,PtrHash compact,10000000,2.1434,177.8,39.0,39.0,39.0,177.8,177.8,0.00
3,CSV,ref plus S=10 l=5.15,10000000,2.0860,53.5,33.8,33.8,33.8,53.5,53.5,1.37
3,CSV,ref w1p S=10 l=6.2,10000000,1.8913,83.4,37.3,37.3,37.3,83.4,83.4,3.07
3,CSV,ref w2p S=10 l=6.25,10000000,1.8521,113.3,37.3,37.3,37.3,113.3,113.3,2.74
3,CSV,ref w3p S=10 l=6,10000000,1.8519,114.8,36.2,36.2,36.2,114.8,114.8,1.89
3,CSV,ref w5p S=10 l=6,10000000,1.8423,162.3,34.1,34.1,34.1,162.3,162.3,1.77
3,CSV,ref w7p S=10 l=6,10000000,1.8408,206.0,36.0,36.0,36.0,206.0,206.0,1.75
3,CSV,ref phast S=10 l=5.8,10000000,1.8133,2084.0,32.3,32.3,32.3,2084.0,2084.0,0.81
3,CSV,PHast-R S=10 L=2048 R=4 l=5.75 bfvu,10000000,1.8234,92.0,28.0,28.0,28.0,92.0,92.0,0.74
3,CSV,PHast-R S=10 L=2048 R=4 l=6 bfvu,10000000,1.8222,86.6,31.2,31.2,31.2,86.6,86.6,1.53
3,CSV,PHast-R S=10 L=2048 R=4 l=6.25 bfvu,10000000,1.8333,85.0,10.8,10.8,10.8,85.0,85.0,2.51
4,CSV,ref plus S=8 l=5.25,10000000,2.1170,53.4,62.4,62.4,62.4,53.4,53.4,7.61
4,CSV,ref w1p S=8 l=5.25,10000000,2.0438,79.3,39.8,39.8,39.8,79.3,79.3,6.51
4,CSV,ref w2p S=8 l=5,10000000,2.0007,80.7,39.7,39.7,39.7,80.7,80.7,4.76
4,CSV,ref w3p S=8 l=5,10000000,1.9556,91.8,35.0,35.0,35.0,91.8,91.8,4.15
4,CSV,ref w5p S=8 l=5,10000000,1.9422,114.6,32.9,32.9,32.9,114.6,114.6,3.96
4,CSV,ref w7p S=8 l=5,10000000,1.9398,139.2,29.5,29.5,29.5,139.2,139.2,3.93
4,CSV,ref phast S=8 l=4.5,10000000,1.8865,688.3,25.5,25.5,25.5,688.3,688.3,1.02
4,CSV,PHast-R S=8 L=1024 R=4 l=4.25 u8,10000000,1.9427,55.3,22.9,22.9,22.9,55.3,55.3,0.51
4,CSV,PHast-R S=8 L=1024 R=4 l=4.5 u8,10000000,1.9033,50.6,22.0,22.0,22.0,50.6,50.6,1.20
4,CSV,PHast-R S=8 L=1024 R=4 l=4.75 u8,10000000,1.8999,48.6,28.4,28.4,28.4,48.6,48.6,2.28
4,CSV,PtrHash default,10000000,2.9899,105.7,22.0,22.0,22.0,105.7,105.7,0.00
4,CSV,PtrHash compact,10000000,2.1434,176.3,38.7,38.7,38.7,176.3,176.3,0.00
4,CSV,ref plus S=10 l=5.15,10000000,2.0855,53.7,34.2,34.2,34.2,53.7,53.7,1.36
4,CSV,ref w1p S=10 l=6.2,10000000,1.8912,83.4,38.3,38.3,38.3,83.4,83.4,3.07
4,CSV,ref w2p S=10 l=6.25,10000000,1.8522,113.1,34.8,34.8,34.8,113.1,113.1,2.75
4,CSV,ref w3p S=10 l=6,10000000,1.8520,114.2,35.5,35.5,35.5,114.2,114.2,1.89
4,CSV,ref w5p S=10 l=6,10000000,1.8419,162.0,34.4,34.4,34.4,162.0,162.0,1.77
4,CSV,ref w7p S=10 l=6,10000000,1.8408,206.0,34.6,34.6,34.6,206.0,206.0,1.75
4,CSV,ref phast S=10 l=5.8,10000000,1.8126,2084.8,34.2,34.2,34.2,2084.8,2084.8,0.80
4,CSV,PHast-R S=10 L=2048 R=4 l=5.75 bfvu,10000000,1.8225,91.8,28.6,28.6,28.6,91.8,91.8,0.73
4,CSV,PHast-R S=10 L=2048 R=4 l=6 bfvu,10000000,1.8224,86.6,29.7,29.7,29.7,86.6,86.6,1.54
4,CSV,PHast-R S=10 L=2048 R=4 l=6.25 bfvu,10000000,1.8327,84.7,11.0,11.0,11.0,84.7,84.7,2.51
5,CSV,ref plus S=8 l=5.25,10000000,2.1166,53.0,49.4,49.4,49.4,53.0,53.0,7.60
5,CSV,ref w1p S=8 l=5.25,10000000,2.0432,79.3,45.0,45.0,45.0,79.3,79.3,6.49
5,CSV,ref w2p S=8 l=5,10000000,2.0016,80.6,32.5,32.5,32.5,80.6,80.6,4.77
5,CSV,ref w3p S=8 l=5,10000000,1.9565,91.6,31.2,31.2,31.2,91.6,91.6,4.16
5,CSV,ref w5p S=8 l=5,10000000,1.9431,114.6,31.1,31.1,31.1,114.6,114.6,3.98
5,CSV,ref w7p S=8 l=5,10000000,1.9411,139.4,29.9,29.9,29.9,139.4,139.4,3.95
5,CSV,ref phast S=8 l=4.5,10000000,1.8874,690.0,26.4,26.4,26.4,690.0,690.0,1.03
5,CSV,PHast-R S=8 L=1024 R=4 l=4.25 u8,10000000,1.9441,55.5,21.8,21.8,21.8,55.5,55.5,0.52
5,CSV,PHast-R S=8 L=1024 R=4 l=4.5 u8,10000000,1.9044,50.8,23.6,23.6,23.6,50.8,50.8,1.21
5,CSV,PHast-R S=8 L=1024 R=4 l=4.75 u8,10000000,1.8996,48.6,26.2,26.2,26.2,48.6,48.6,2.28
5,CSV,PtrHash default,10000000,2.9899,103.0,23.1,23.1,23.1,103.0,103.0,0.00
5,CSV,PtrHash compact,10000000,2.1434,177.6,39.7,39.7,39.7,177.6,177.6,0.00
5,CSV,ref plus S=10 l=5.15,10000000,2.0859,53.4,32.5,32.5,32.5,53.4,53.4,1.37
5,CSV,ref w1p S=10 l=6.2,10000000,1.8904,83.5,40.7,40.7,40.7,83.5,83.5,3.06
5,CSV,ref w2p S=10 l=6.25,10000000,1.8515,113.3,33.3,33.3,33.3,113.3,113.3,2.74
5,CSV,ref w3p S=10 l=6,10000000,1.8522,114.5,35.4,35.4,35.4,114.5,114.5,1.89
5,CSV,ref w5p S=10 l=6,10000000,1.8420,162.5,36.9,36.9,36.9,162.5,162.5,1.77
5,CSV,ref w7p S=10 l=6,10000000,1.8409,206.0,34.4,34.4,34.4,206.0,206.0,1.76
5,CSV,ref phast S=10 l=5.8,10000000,1.8137,2087.0,33.8,33.8,33.8,2087.0,2087.0,0.82
5,CSV,PHast-R S=10 L=2048 R=4 l=5.75 bfvu,10000000,1.8241,94.0,29.5,29.5,29.5,94.0,94.0,0.75
5,CSV,PHast-R S=10 L=2048 R=4 l=6 bfvu,10000000,1.8225,87.8,29.0,29.0,29.0,87.8,87.8,1.54
5,CSV,PHast-R S=10 L=2048 R=4 l=6.25 bfvu,10000000,1.8334,86.2,10.9,10.9,10.9,86.2,86.2,2.51
6,CSV,ref plus S=8 l=5.25,10000000,2.1170,53.0,49.0,49.0,49.0,53.0,53.0,7.61
6,CSV,ref w1p S=8 l=5.25,10000000,2.0435,79.5,39.5,39.5,39.5,79.5,79.5,6.50
6,CSV,ref w2p S=8 l=5,10000000,2.0007,81.4,33.9,33.9,33.9,81.4,81.4,4.76
6,CSV,ref w3p S=8 l=5,10000000,1.9557,91.6,33.6,33.6,33.6,91.6,91.6,4.15
6,CSV,ref w5p S=8 l=5,10000000,1.9429,114.9,31.0,31.0,31.0,114.9,114.9,3.98
6,CSV,ref w7p S=8 l=5,10000000,1.9407,140.3,33.0,33.0,33.0,140.3,140.3,3.94
6,CSV,ref phast S=8 l=4.5,10000000,1.8872,690.3,23.7,23.7,23.7,690.3,690.3,1.03
6,CSV,PHast-R S=8 L=1024 R=4 l=4.25 u8,10000000,1.9436,55.5,23.0,23.0,23.0,55.5,55.5,0.52
6,CSV,PHast-R S=8 L=1024 R=4 l=4.5 u8,10000000,1.9038,50.7,25.5,25.5,25.5,50.7,50.7,1.21
6,CSV,PHast-R S=8 L=1024 R=4 l=4.75 u8,10000000,1.8991,48.6,27.9,27.9,27.9,48.6,48.6,2.28
6,CSV,PtrHash default,10000000,2.9899,104.5,21.2,21.2,21.2,104.5,104.5,0.00
6,CSV,PtrHash compact,10000000,2.1434,177.0,37.6,37.6,37.6,177.0,177.0,0.00
6,CSV,ref plus S=10 l=5.15,10000000,2.0864,54.5,33.4,33.4,33.4,54.5,54.5,1.37
6,CSV,ref w1p S=10 l=6.2,10000000,1.8909,83.5,38.3,38.3,38.3,83.5,83.5,3.06
6,CSV,ref w2p S=10 l=6.25,10000000,1.8520,113.2,35.2,35.2,35.2,113.2,113.2,2.74
6,CSV,ref w3p S=10 l=6,10000000,1.8517,114.5,32.4,32.4,32.4,114.5,114.5,1.88
6,CSV,ref w5p S=10 l=6,10000000,1.8426,162.5,33.7,33.7,33.7,162.5,162.5,1.77
6,CSV,ref w7p S=10 l=6,10000000,1.8413,206.3,35.5,35.5,35.5,206.3,206.3,1.76
6,CSV,ref phast S=10 l=5.8,10000000,1.8135,2085.2,32.4,32.4,32.4,2085.2,2085.2,0.81
6,CSV,PHast-R S=10 L=2048 R=4 l=5.75 bfvu,10000000,1.8230,92.3,28.5,28.5,28.5,92.3,92.3,0.74
6,CSV,PHast-R S=10 L=2048 R=4 l=6 bfvu,10000000,1.8228,91.8,31.2,31.2,31.2,91.8,91.8,1.54
6,CSV,PHast-R S=10 L=2048 R=4 l=6.25 bfvu,10000000,1.8318,90.1,10.4,10.4,10.4,90.1,90.1,2.49
7,CSV,ref plus S=8 l=5.25,10000000,2.1170,53.1,49.1,49.1,49.1,53.1,53.1,7.61
7,CSV,ref w1p S=8 l=5.25,10000000,2.0437,79.8,39.7,39.7,39.7,79.8,79.8,6.50
7,CSV,ref w2p S=8 l=5,10000000,2.0013,80.7,31.3,31.3,31.3,80.7,80.7,4.77
7,CSV,ref w3p S=8 l=5,10000000,1.9565,91.6,29.6,29.6,29.6,91.6,91.6,4.16
7,CSV,ref w5p S=8 l=5,10000000,1.9432,115.0,29.5,29.5,29.5,115.0,115.0,3.98
7,CSV,ref w7p S=8 l=5,10000000,1.9417,139.3,33.1,33.1,33.1,139.3,139.3,3.96
7,CSV,ref phast S=8 l=4.5,10000000,1.8867,689.4,25.0,25.0,25.0,689.4,689.4,1.02
7,CSV,PHast-R S=8 L=1024 R=4 l=4.25 u8,10000000,1.9435,55.4,24.3,24.3,24.3,55.4,55.4,0.52
7,CSV,PHast-R S=8 L=1024 R=4 l=4.5 u8,10000000,1.9038,50.7,27.2,27.2,27.2,50.7,50.7,1.21
7,CSV,PHast-R S=8 L=1024 R=4 l=4.75 u8,10000000,1.8993,48.5,27.8,27.8,27.8,48.5,48.5,2.28
7,CSV,PtrHash default,10000000,2.9899,103.8,21.2,21.2,21.2,103.8,103.8,0.00
7,CSV,PtrHash compact,10000000,2.1434,178.2,37.7,37.7,37.7,178.2,178.2,0.00
7,CSV,ref plus S=10 l=5.15,10000000,2.0859,53.9,34.6,34.6,34.6,53.9,53.9,1.37
7,CSV,ref w1p S=10 l=6.2,10000000,1.8914,84.2,38.7,38.7,38.7,84.2,84.2,3.07
7,CSV,ref w2p S=10 l=6.25,10000000,1.8521,113.3,36.1,36.1,36.1,113.3,113.3,2.74
7,CSV,ref w3p S=10 l=6,10000000,1.8517,115.0,32.3,32.3,32.3,115.0,115.0,1.89
7,CSV,ref w5p S=10 l=6,10000000,1.8425,162.5,33.1,33.1,33.1,162.5,162.5,1.77
7,CSV,ref w7p S=10 l=6,10000000,1.8414,205.9,36.8,36.8,36.8,205.9,205.9,1.76
7,CSV,ref phast S=10 l=5.8,10000000,1.8134,2082.2,34.0,34.0,34.0,2082.2,2082.2,0.81
7,CSV,PHast-R S=10 L=2048 R=4 l=5.75 bfvu,10000000,1.8231,91.6,27.0,27.0,27.0,91.6,91.6,0.74
7,CSV,PHast-R S=10 L=2048 R=4 l=6 bfvu,10000000,1.8221,87.2,31.4,31.4,31.4,87.2,87.2,1.53
7,CSV,PHast-R S=10 L=2048 R=4 l=6.25 bfvu,10000000,1.8332,84.8,12.2,12.2,12.2,84.8,84.8,2.51
8,CSV,ref plus S=8 l=5.25,10000000,2.1168,53.1,50.5,50.5,50.5,53.1,53.1,7.61
8,CSV,ref w1p S=8 l=5.25,10000000,2.0426,79.5,37.3,37.3,37.3,79.5,79.5,6.49
8,CSV,ref w2p S=8 l=5,10000000,2.0008,81.2,38.2,38.2,38.2,81.2,81.2,4.76
8,CSV,ref w3p S=8 l=5,10000000,1.9556,92.2,31.1,31.1,31.1,92.2,92.2,4.15
8,CSV,ref w5p S=8 l=5,10000000,1.9432,114.9,33.7,33.7,33.7,114.9,114.9,3.98
8,CSV,ref w7p S=8 l=5,10000000,1.9406,140.0,34.4,34.4,34.4,140.0,140.0,3.94
8,CSV,ref phast S=8 l=4.5,10000000,1.8870,689.5,25.9,25.9,25.9,689.5,689.5,1.02
8,CSV,PHast-R S=8 L=1024 R=4 l=4.25 u8,10000000,1.9426,61.9,23.8,23.8,23.8,61.9,61.9,0.51
8,CSV,PHast-R S=8 L=1024 R=4 l=4.5 u8,10000000,1.9037,50.6,24.3,24.3,24.3,50.6,50.6,1.21
8,CSV,PHast-R S=8 L=1024 R=4 l=4.75 u8,10000000,1.8986,48.6,26.8,26.8,26.8,48.6,48.6,2.27
8,CSV,PtrHash default,10000000,2.9899,105.4,23.5,23.5,23.5,105.4,105.4,0.00
8,CSV,PtrHash compact,10000000,2.1434,177.5,38.2,38.2,38.2,177.5,177.5,0.00
8,CSV,ref plus S=10 l=5.15,10000000,2.0853,54.5,33.4,33.4,33.4,54.5,54.5,1.36
8,CSV,ref w1p S=10 l=6.2,10000000,1.8911,83.5,39.1,39.1,39.1,83.5,83.5,3.06
8,CSV,ref w2p S=10 l=6.25,10000000,1.8522,113.4,38.3,38.3,38.3,113.4,113.4,2.74
8,CSV,ref w3p S=10 l=6,10000000,1.8519,114.7,34.0,34.0,34.0,114.7,114.7,1.89
8,CSV,ref w5p S=10 l=6,10000000,1.8420,162.2,35.8,35.8,35.8,162.2,162.2,1.77
8,CSV,ref w7p S=10 l=6,10000000,1.8400,205.9,31.3,31.3,31.3,205.9,205.9,1.74
8,CSV,ref phast S=10 l=5.8,10000000,1.8128,2083.7,34.1,34.1,34.1,2083.7,2083.7,0.80
8,CSV,PHast-R S=10 L=2048 R=4 l=5.75 bfvu,10000000,1.8228,92.4,30.4,30.4,30.4,92.4,92.4,0.73
8,CSV,PHast-R S=10 L=2048 R=4 l=6 bfvu,10000000,1.8225,86.5,32.5,32.5,32.5,86.5,86.5,1.53
8,CSV,PHast-R S=10 L=2048 R=4 l=6.25 bfvu,10000000,1.8324,91.3,11.6,11.6,11.6,91.3,91.3,2.50
9,CSV,ref plus S=8 l=5.25,10000000,2.1172,53.1,50.6,50.6,50.6,53.1,53.1,7.62
9,CSV,ref w1p S=8 l=5.25,10000000,2.0440,79.4,40.7,40.7,40.7,79.4,79.4,6.51
9,CSV,ref w2p S=8 l=5,10000000,2.0012,81.0,35.3,35.3,35.3,81.0,81.0,4.77
9,CSV,ref w3p S=8 l=5,10000000,1.9568,91.9,38.6,38.6,38.6,91.9,91.9,4.17
9,CSV,ref w5p S=8 l=5,10000000,1.9435,114.6,34.3,34.3,34.3,114.6,114.6,3.98
9,CSV,ref w7p S=8 l=5,10000000,1.9415,139.8,32.3,32.3,32.3,139.8,139.8,3.96
9,CSV,ref phast S=8 l=4.5,10000000,1.8878,689.5,25.6,25.6,25.6,689.5,689.5,1.03
9,CSV,PHast-R S=8 L=1024 R=4 l=4.25 u8,10000000,1.9440,55.5,23.0,23.0,23.0,55.5,55.5,0.52
9,CSV,PHast-R S=8 L=1024 R=4 l=4.5 u8,10000000,1.9045,50.8,28.2,28.2,28.2,50.8,50.8,1.22
9,CSV,PHast-R S=8 L=1024 R=4 l=4.75 u8,10000000,1.8997,48.7,27.3,27.3,27.3,48.7,48.7,2.28
9,CSV,PtrHash default,10000000,2.9899,106.7,22.4,22.4,22.4,106.7,106.7,0.00
9,CSV,PtrHash compact,10000000,2.1434,177.5,40.2,40.2,40.2,177.5,177.5,0.00
9,CSV,ref plus S=10 l=5.15,10000000,2.0857,53.5,34.2,34.2,34.2,53.5,53.5,1.37
9,CSV,ref w1p S=10 l=6.2,10000000,1.8913,83.3,37.0,37.0,37.0,83.3,83.3,3.07
9,CSV,ref w2p S=10 l=6.25,10000000,1.8529,113.2,36.8,36.8,36.8,113.2,113.2,2.75
9,CSV,ref w3p S=10 l=6,10000000,1.8520,115.4,35.6,35.6,35.6,115.4,115.4,1.89
9,CSV,ref w5p S=10 l=6,10000000,1.8425,162.6,36.0,36.0,36.0,162.6,162.6,1.77
9,CSV,ref w7p S=10 l=6,10000000,1.8415,206.6,35.0,35.0,35.0,206.6,206.6,1.76
9,CSV,ref phast S=10 l=5.8,10000000,1.8127,2085.4,32.4,32.4,32.4,2085.4,2085.4,0.80
9,CSV,PHast-R S=10 L=2048 R=4 l=5.75 bfvu,10000000,1.8239,92.0,29.6,29.6,29.6,92.0,92.0,0.75
9,CSV,PHast-R S=10 L=2048 R=4 l=6 bfvu,10000000,1.8228,88.6,30.8,30.8,30.8,88.6,88.6,1.54
9,CSV,PHast-R S=10 L=2048 R=4 l=6.25 bfvu,10000000,1.8332,86.5,11.5,11.5,11.5,86.5,86.5,2.51
10,CSV,ref plus S=8 l=5.25,10000000,2.1163,53.1,56.9,56.9,56.9,53.1,53.1,7.60
10,CSV,ref w1p S=8 l=5.25,10000000,2.0432,79.7,55.0,55.0,55.0,79.7,79.7,6.50
10,CSV,ref w2p S=8 l=5,10000000,2.0003,81.0,38.4,38.4,38.4,81.0,81.0,4.76
10,CSV,ref w3p S=8 l=5,10000000,1.9565,92.0,31.6,31.6,31.6,92.0,92.0,4.16
10,CSV,ref w5p S=8 l=5,10000000,1.9428,114.7,30.5,30.5,30.5,114.7,114.7,3.97
10,CSV,ref w7p S=8 l=5,10000000,1.9404,139.3,31.6,31.6,31.6,139.3,139.3,3.94
10,CSV,ref phast S=8 l=4.5,10000000,1.8870,688.1,25.8,25.8,25.8,688.1,688.1,1.03
10,CSV,PHast-R S=8 L=1024 R=4 l=4.25 u8,10000000,1.9433,55.4,22.7,22.7,22.7,55.4,55.4,0.51
10,CSV,PHast-R S=8 L=1024 R=4 l=4.5 u8,10000000,1.9037,50.7,24.0,24.0,24.0,50.7,50.7,1.20
10,CSV,PHast-R S=8 L=1024 R=4 l=4.75 u8,10000000,1.8986,48.8,25.2,25.2,25.2,48.8,48.8,2.27
10,CSV,PtrHash default,10000000,2.9899,109.8,22.5,22.5,22.5,109.8,109.8,0.00
10,CSV,PtrHash compact,10000000,2.1434,176.8,38.3,38.3,38.3,176.8,176.8,0.00
10,CSV,ref plus S=10 l=5.15,10000000,2.0851,53.7,33.6,33.6,33.6,53.7,53.7,1.36
10,CSV,ref w1p S=10 l=6.2,10000000,1.8912,83.5,39.1,39.1,39.1,83.5,83.5,3.07
10,CSV,ref w2p S=10 l=6.25,10000000,1.8524,113.8,37.8,37.8,37.8,113.8,113.8,2.75
10,CSV,ref w3p S=10 l=6,10000000,1.8519,114.7,36.2,36.2,36.2,114.7,114.7,1.89
10,CSV,ref w5p S=10 l=6,10000000,1.8423,163.2,33.9,33.9,33.9,163.2,163.2,1.77
10,CSV,ref w7p S=10 l=6,10000000,1.8411,205.9,40.1,40.1,40.1,205.9,205.9,1.75
10,CSV,ref phast S=10 l=5.8,10000000,1.8139,2084.0,33.5,33.5,33.5,2084.0,2084.0,0.82
10,CSV,PHast-R S=10 L=2048 R=4 l=5.75 bfvu,10000000,1.8237,91.9,28.8,28.8,28.8,91.9,91.9,0.74
10,CSV,PHast-R S=10 L=2048 R=4 l=6 bfvu,10000000,1.8219,88.1,31.8,31.8,31.8,88.1,88.1,1.53
10,CSV,PHast-R S=10 L=2048 R=4 l=6.25 bfvu,10000000,1.8329,86.8,11.1,11.1,11.1,86.8,86.8,2.51
done
