1,CSV,ref plus S=8 l=5.25,100000000,2.1154,62.7,29.3
1,CSV,ref w3 S=8 l=5,100000000,1.9681,119.1,26.9
1,CSV,ref phast S=8 l=4.5,100000000,1.9205,810.9,25.2
1,CSV,PHast-R S=8 L=1024 R=4 l=4.5 u8,100000000,1.9272,53.9,24.6
1,CSV,PHast-R S=8 L=1024 R=4 l=4.75 u8,100000000,1.9194,52.7,25.4
8,CSV,ref plus S=8 l=5.25,100000000,2.1155,14.7,42.1
8,CSV,ref w3 S=8 l=5,100000000,1.9686,22.5,22.5
8,CSV,PHast-R S=8 L=1024 R=4 l=4.5 u8,100000000,1.9276,8.5,17.9
8,CSV,PHast-R S=8 L=1024 R=4 l=4.75 u8,100000000,1.9198,8.9,14.4
1,CSV,ref plus S=8 l=5.25,1000000000,2.1150,65.5,35.7
1,CSV,ref w3 S=8 l=5,1000000000,1.9680,121.7,32.1
1,CSV,ref phast S=8 l=4.5,1000000000,1.9202,810.7,28.9
1,CSV,PHast-R S=8 L=1024 R=4 l=4.5 u8,1000000000,1.9268,60.9,28.3
1,CSV,PHast-R S=8 L=1024 R=4 l=4.75 u8,1000000000,1.9193,59.1,29.6
8,CSV,ref plus S=8 l=5.25,1000000000,2.1149,16.8,47.2
8,CSV,ref w3 S=8 l=5,1000000000,1.9679,24.4,22.1
8,CSV,PHast-R S=8 L=1024 R=4 l=4.5 u8,1000000000,1.9268,9.7,17.6
8,CSV,PHast-R S=8 L=1024 R=4 l=4.75 u8,1000000000,1.9194,9.7,19.0
done
