1,CSV,ref plus S=8 l=5.25,10000000,2.1160,66.1,25.7
1,CSV,ref w1 S=8 l=5.25,10000000,2.0964,81.4,24.5
1,CSV,ref w2 S=8 l=5,10000000,2.0126,98.8,22.9
1,CSV,ref w3 S=8 l=5,10000000,1.9701,123.2,24.5
1,CSV,ref phast S=8 l=4.5,10000000,1.9218,825.7,23.3
1,CSV,PHast-R S=8 L=1024 R=4 l=4.75 u8,10000000,1.9209,110.4,24.2
1,CSV,PHast-R S=8 L=1024 R=4 l=5 u8,10000000,1.9254,106.5,24.7
1,CSV,ref plus S=10 l=5.15,10000000,2.0853,77.4,27.9
1,CSV,ref w1 S=10 l=6.2,10000000,1.9047,115.1,27.0
1,CSV,ref w2 S=10 l=5.9,10000000,1.8828,178.0,26.0
1,CSV,ref w3 S=10 l=6,10000000,1.8718,249.4,27.5
1,CSV,ref phast S=10 l=6.05,10000000,1.8536,2238.4,27.8
1,CSV,PHast-R S=10 L=2048 R=4 l=6 bfvu,10000000,1.8521,217.3,29.2
1,CSV,PHast-R S=10 L=2048 R=4 l=6.25 bfvu,10000000,1.8572,213.2,29.5
1,CSV,ref plus S=8 l=5.25,100000000,2.1154,71.7,39.5
1,CSV,ref w3 S=8 l=5,100000000,1.9681,131.1,36.6
1,CSV,PHast-R S=8 L=1024 R=4 l=4.75 u8,100000000,1.9194,114.1,35.8
1,CSV,PHast-R S=8 L=1024 R=4 l=5 u8,100000000,1.9243,111.0,37.0
1,CSV,ref phast S=8 l=4.5,100000000,1.9205,836.4,33.4
1,CSV,ref w3 S=10 l=6,100000000,1.8693,256.1,39.3
1,CSV,PHast-R S=10 L=2048 R=4 l=6 bfvu,100000000,1.8486,220.3,42.4
8,CSV,ref plus S=8 l=5.25,10000000,2.1172,17.1,62.9
8,CSV,ref w3 S=8 l=5,10000000,1.9725,24.7,27.1
8,CSV,PHast-R S=8 L=1024 R=4 l=4.75 u8,10000000,1.9243,21.6,25.3
8,CSV,PHast-R S=8 L=1024 R=4 l=5 u8,10000000,1.9285,21.2,29.3
8,CSV,ref w3 S=10 l=6,10000000,1.8791,42.2,22.6
8,CSV,PHast-R S=10 L=2048 R=4 l=6 bfvu,10000000,1.8553,40.0,21.0
8,CSV,ref plus S=8 l=5.25,100000000,2.1155,17.1,70.9
8,CSV,ref w3 S=8 l=5,100000000,1.9686,25.4,35.3
8,CSV,PHast-R S=8 L=1024 R=4 l=4.75 u8,100000000,1.9198,22.0,27.6
8,CSV,PHast-R S=8 L=1024 R=4 l=5 u8,100000000,1.9244,22.3,30.8
8,CSV,ref w3 S=10 l=6,100000000,1.8700,47.1,31.9
8,CSV,PHast-R S=10 L=2048 R=4 l=6 bfvu,100000000,1.8496,37.1,31.2
done
