1,CSV,ref plus S=8 l=5.25,10000000,2.1160,67.6,23.7
1,CSV,ref w1 S=8 l=5.25,10000000,2.0964,79.4,24.0
1,CSV,ref w2 S=8 l=5,10000000,2.0126,97.8,21.1
1,CSV,ref w3 S=8 l=5,10000000,1.9701,119.2,22.0
1,CSV,ref phast S=8 l=4.5,10000000,1.9218,816.7,21.0
1,CSV,PHast-R S=8 L=1024 R=4 l=4.5 u8,10000000,1.9289,52.2,20.5
1,CSV,PHast-R S=8 L=1024 R=4 l=4.75 u8,10000000,1.9208,50.4,21.1
1,CSV,PHast-R S=8 L=1024 R=4 l=5 u8,10000000,1.9253,49.6,21.8
1,CSV,ref plus S=10 l=5.15,10000000,2.0853,80.6,25.4
1,CSV,ref w1 S=10 l=6.2,10000000,1.9047,111.2,24.5
1,CSV,ref w2 S=10 l=5.9,10000000,1.8828,172.3,23.7
1,CSV,ref w3 S=10 l=6,10000000,1.8718,242.6,25.3
1,CSV,ref phast S=10 l=6.05,10000000,1.8536,2198.2,25.4
1,CSV,PHast-R S=10 L=2048 R=4 l=6 bfvu,10000000,1.8517,115.5,24.8
1,CSV,PHast-R S=10 L=2048 R=4 l=6.25 bfvu,10000000,1.8573,113.8,25.2
1,CSV,ref plus S=8 l=5.25,100000000,2.1154,69.5,35.7
1,CSV,ref w3 S=8 l=5,100000000,1.9681,125.6,32.9
1,CSV,PHast-R S=8 L=1024 R=4 l=4.5 u8,100000000,1.9272,55.7,29.8
1,CSV,PHast-R S=8 L=1024 R=4 l=4.75 u8,100000000,1.9194,54.2,30.9
1,CSV,PHast-R S=8 L=1024 R=4 l=5 u8,100000000,1.9243,54.0,32.2
1,CSV,ref phast S=8 l=4.5,100000000,1.9205,823.0,30.5
1,CSV,ref w3 S=10 l=6,100000000,1.8693,249.0,35.7
1,CSV,PHast-R S=10 L=2048 R=4 l=6 bfvu,100000000,1.8487,119.1,35.2
1,CSV,ref plus S=8 l=5.25,1000000000,2.1150,74.3,56.7
1,CSV,ref w3 S=8 l=5,1000000000,1.9680,129.9,52.2
1,CSV,PHast-R S=8 L=1024 R=4 l=4.5 u8,1000000000,1.9268,59.6,47.1
1,CSV,PHast-R S=8 L=1024 R=4 l=4.75 u8,1000000000,1.9193,58.4,48.9
1,CSV,PHast-R S=8 L=1024 R=4 l=5 u8,1000000000,1.9241,58.3,51.3
1,CSV,ref phast S=8 l=4.5,1000000000,1.9202,827.8,47.6
1,CSV,ref w3 S=10 l=6,1000000000,1.8688,276.4,54.4
1,CSV,PHast-R S=10 L=2048 R=4 l=6 bfvu,1000000000,1.8484,123.1,54.1
8,CSV,ref plus S=8 l=5.25,10000000,2.1172,15.7,43.9
8,CSV,ref w3 S=8 l=5,10000000,1.9725,22.6,21.2
8,CSV,PHast-R S=8 L=1024 R=4 l=4.5 u8,10000000,1.9309,9.1,17.1
8,CSV,PHast-R S=8 L=1024 R=4 l=4.75 u8,10000000,1.9244,9.2,18.8
8,CSV,PHast-R S=8 L=1024 R=4 l=5 u8,10000000,1.9283,9.4,20.3
8,CSV,ref w3 S=10 l=6,10000000,1.8791,40.8,19.6
8,CSV,PHast-R S=10 L=2048 R=4 l=6 bfvu,10000000,1.8554,19.3,12.6
8,CSV,ref plus S=8 l=5.25,100000000,2.1155,15.8,67.1
8,CSV,ref w3 S=8 l=5,100000000,1.9686,23.3,32.3
8,CSV,PHast-R S=8 L=1024 R=4 l=4.5 u8,100000000,1.9276,9.9,26.4
8,CSV,PHast-R S=8 L=1024 R=4 l=4.75 u8,100000000,1.9198,10.2,30.3
8,CSV,PHast-R S=8 L=1024 R=4 l=5 u8,100000000,1.9245,10.4,29.0
8,CSV,ref w3 S=10 l=6,100000000,1.8700,41.4,30.1
8,CSV,PHast-R S=10 L=2048 R=4 l=6 bfvu,100000000,1.8496,18.3,24.4
8,CSV,ref plus S=8 l=5.25,1000000000,2.1149,17.7,95.2
8,CSV,ref w3 S=8 l=5,1000000000,1.9679,25.1,56.7
8,CSV,PHast-R S=8 L=1024 R=4 l=4.5 u8,1000000000,1.9268,11.0,43.9
8,CSV,PHast-R S=8 L=1024 R=4 l=4.75 u8,1000000000,1.9194,11.1,44.6
8,CSV,PHast-R S=8 L=1024 R=4 l=5 u8,1000000000,1.9240,11.3,46.3
8,CSV,ref w3 S=10 l=6,1000000000,1.8689,43.1,44.2
8,CSV,PHast-R S=10 L=2048 R=4 l=6 bfvu,1000000000,1.8485,19.3,46.0
done
