0,CSV,ref plus S=8 l=5.25,10000,2.7128,193.6,8.3
0,CSV,ref w3 S=8 l=5,10000,2.7040,317.7,7.8
0,CSV,PHast-R S=8 L=1024 R=4 d=1 l=4.75 u8,10000,2.5176,138.0,6.4
0,CSV,PHast-R S=8 L=1024 R=4 d=1 l=4.75 u8 s128,10000,2.5160,126.6,6.2
1,CSV,ref plus S=8 l=5.25,10000,2.7424,323.9,8.6
1,CSV,ref w3 S=8 l=5,10000,2.6952,225.8,7.5
1,CSV,PHast-R S=8 L=1024 R=4 d=1 l=4.75 u8,10000,2.4880,135.1,5.9
1,CSV,PHast-R S=8 L=1024 R=4 d=1 l=4.75 u8 s128,10000,2.4888,110.6,5.9
2,CSV,ref plus S=8 l=5.25,10000,2.7456,201.1,8.6
2,CSV,ref w3 S=8 l=5,10000,2.6960,229.1,7.6
2,CSV,PHast-R S=8 L=1024 R=4 d=1 l=4.75 u8,10000,2.5176,134.7,6.2
2,CSV,PHast-R S=8 L=1024 R=4 d=1 l=4.75 u8 s128,10000,2.5368,110.6,6.3
0,CSV,ref plus S=8 l=5.25,100000,2.2677,148.2,8.1
0,CSV,ref w3 S=8 l=5,100000,2.0884,124.7,6.8
0,CSV,PHast-R S=8 L=1024 R=4 d=1 l=4.75 u8,100000,2.0623,109.6,6.8
0,CSV,PHast-R S=8 L=1024 R=4 d=1 l=4.75 u8 s128,100000,2.0622,108.6,6.9
1,CSV,ref plus S=8 l=5.25,100000,2.2754,149.1,8.1
1,CSV,ref w3 S=8 l=5,100000,2.0903,124.6,6.8
1,CSV,PHast-R S=8 L=1024 R=4 d=1 l=4.75 u8,100000,2.0632,109.3,6.8
1,CSV,PHast-R S=8 L=1024 R=4 d=1 l=4.75 u8 s128,100000,2.0614,107.6,6.8
2,CSV,ref plus S=8 l=5.25,100000,2.2569,146.3,8.0
2,CSV,ref w3 S=8 l=5,100000,2.0883,124.6,6.8
2,CSV,PHast-R S=8 L=1024 R=4 d=1 l=4.75 u8,100000,2.0604,108.7,6.7
2,CSV,PHast-R S=8 L=1024 R=4 d=1 l=4.75 u8 s128,100000,2.0616,106.6,6.8
0,CSV,ref plus S=8 l=5.25,1000000,2.1328,68.7,11.1
0,CSV,ref w3 S=8 l=5,1000000,1.9827,119.5,9.5
0,CSV,PHast-R S=8 L=1024 R=4 d=1 l=4.75 u8,1000000,1.9425,117.7,9.6
0,CSV,PHast-R S=8 L=1024 R=4 d=1 l=4.75 u8 s128,1000000,1.9444,115.5,9.7
1,CSV,ref plus S=8 l=5.25,1000000,2.1316,68.5,11.3
1,CSV,ref w3 S=8 l=5,1000000,1.9825,122.0,9.4
1,CSV,PHast-R S=8 L=1024 R=4 d=1 l=4.75 u8,1000000,1.9446,117.1,9.7
1,CSV,PHast-R S=8 L=1024 R=4 d=1 l=4.75 u8 s128,1000000,1.9436,116.7,9.7
2,CSV,ref plus S=8 l=5.25,1000000,2.1286,69.5,11.1
2,CSV,ref w3 S=8 l=5,1000000,1.9829,120.3,9.4
2,CSV,PHast-R S=8 L=1024 R=4 d=1 l=4.75 u8,1000000,1.9420,118.3,9.7
2,CSV,PHast-R S=8 L=1024 R=4 d=1 l=4.75 u8 s128,1000000,1.9439,117.7,9.8
0,CSV,ref plus S=8 l=5.25,10000000,2.1160,65.8,25.7
0,CSV,ref w3 S=8 l=5,10000000,1.9701,122.3,24.4
0,CSV,PHast-R S=8 L=1024 R=4 d=1 l=4.75 u8,10000000,1.9306,119.8,25.3
0,CSV,PHast-R S=8 L=1024 R=4 d=1 l=4.75 u8 s128,10000000,1.9305,119.6,25.7
1,CSV,ref plus S=8 l=5.25,10000000,2.1174,65.9,25.3
1,CSV,ref w3 S=8 l=5,10000000,1.9698,121.1,23.7
1,CSV,PHast-R S=8 L=1024 R=4 d=1 l=4.75 u8,10000000,1.9306,118.2,25.0
1,CSV,PHast-R S=8 L=1024 R=4 d=1 l=4.75 u8 s128,10000000,1.9302,117.5,25.5
2,CSV,ref plus S=8 l=5.25,10000000,2.1171,64.1,25.3
2,CSV,ref w3 S=8 l=5,10000000,1.9701,118.5,23.7
2,CSV,PHast-R S=8 L=1024 R=4 d=1 l=4.75 u8,10000000,1.9311,120.3,25.0
2,CSV,PHast-R S=8 L=1024 R=4 d=1 l=4.75 u8 s128,10000000,1.9309,117.8,25.6
0,CSV,ref plus S=8 l=5.25,100000000,2.1154,70.5,40.1
0,CSV,ref w3 S=8 l=5,100000000,1.9681,127.0,36.6
0,CSV,PHast-R S=8 L=1024 R=4 d=1 l=4.75 u8,100000000,1.9297,122.3,38.0
0,CSV,PHast-R S=8 L=1024 R=4 d=1 l=4.75 u8 s128,100000000,1.9295,120.6,38.6
