CSV,ref plus S=8 l=5.25,10000000,2.1155,66.3,30.8
CSV,ref w1 S=8 l=5.25,10000000,2.0953,81.0,29.7
CSV,ref w2 S=8 l=5,10000000,2.0111,100.3,29.1
CSV,ref w3 S=8 l=5,10000000,1.9697,121.8,30.2
CSV,ref phast S=8 l=4.5,10000000,1.9229,824.4,28.2
CSV,ref plus S=10 l=5.15,10000000,2.0847,77.9,33.3
CSV,ref w1 S=10 l=6.2,10000000,1.9055,112.8,33.2
CSV,ref w2 S=10 l=5.9,10000000,1.8841,179.9,33.2
CSV,ref w3 S=10 l=6,10000000,1.8722,247.6,32.9
CSV,ref phast S=10 l=6.05,10000000,1.8536,2232.2,32.4
CSV,PHast-R S=8 L=512 R=4 d=0 l=5 u8,10000000,2.0221,92.1,35.1
CSV,PHast-R S=8 L=512 R=4 d=1 l=5 u8,10000000,1.9353,144.8,34.9
CSV,PHast-R S=8 L=512 R=4 d=2 l=5 u8,10000000,1.9243,220.2,34.7
CSV,PHast-R S=9 L=1024 R=4 d=1 l=5.75 bfv,10000000,1.8884,153.0,38.8
CSV,PHast-R S=10 L=2048 R=4 d=0 l=6 bfv,10000000,1.9217,98.1,39.2
CSV,PHast-R S=10 L=2048 R=4 d=1 l=6 bfv,10000000,1.8610,153.3,39.2
CSV,PHast-R S=10 L=2048 R=4 d=2 l=6.25 bfv,10000000,1.8542,231.7,39.2
CSV,PHast-R S=11 L=4096 R=4 d=1 l=6.75 bfv,10000000,1.8600,154.4,39.0
