new,0,CSV,ref plus S=8 l=5.25,1000000,2.1328,68.5,10.6
new,0,CSV,ref w3 S=10 l=6,1000000,1.8943,246.5,9.9
new,0,CSV,PHast-R S=10 L=2048 R=4 d=1 l=6 bfv,1000000,1.8863,130.2,13.2
new,0,CSV,PHast-R S=10 L=2048 R=4 d=1 l=6 bfvu,1000000,1.8863,129.5,11.0
new,0,CSV,PHast-R S=12 L=4096 R=4 d=1 l=7 bfv,1000000,1.9669,147.5,13.4
new,0,CSV,PHast-R S=12 L=4096 R=4 d=1 l=7 bfvu,1000000,1.9670,148.2,11.3
old,0,CSV,ref plus S=8 l=5.25,1000000,2.1328,68.3,11.2
old,0,CSV,ref w3 S=10 l=6,1000000,1.8943,243.6,10.1
old,0,CSV,PHast-R S=10 L=2048 R=4 d=1 l=6 bfv,1000000,1.8863,128.6,11.3
old,0,CSV,PHast-R S=12 L=4096 R=4 d=1 l=7 bfv,1000000,1.9669,147.0,11.4
new,1,CSV,ref plus S=8 l=5.25,1000000,2.1316,68.5,10.7
new,1,CSV,ref w3 S=10 l=6,1000000,1.8955,242.9,9.9
new,1,CSV,PHast-R S=10 L=2048 R=4 d=1 l=6 bfv,1000000,1.8844,127.5,13.5
new,1,CSV,PHast-R S=10 L=2048 R=4 d=1 l=6 bfvu,1000000,1.8845,125.1,11.2
new,1,CSV,PHast-R S=12 L=4096 R=4 d=1 l=7 bfv,1000000,1.9642,148.1,13.7
new,1,CSV,PHast-R S=12 L=4096 R=4 d=1 l=7 bfvu,1000000,1.9643,149.4,11.5
old,1,CSV,ref plus S=8 l=5.25,1000000,2.1316,69.2,10.8
old,1,CSV,ref w3 S=10 l=6,1000000,1.8955,244.2,9.9
old,1,CSV,PHast-R S=10 L=2048 R=4 d=1 l=6 bfv,1000000,1.8844,128.5,11.2
old,1,CSV,PHast-R S=12 L=4096 R=4 d=1 l=7 bfv,1000000,1.9642,144.7,11.3
new,2,CSV,ref plus S=8 l=5.25,1000000,2.1286,67.5,10.8
new,2,CSV,ref w3 S=10 l=6,1000000,1.8953,241.2,9.9
new,2,CSV,PHast-R S=10 L=2048 R=4 d=1 l=6 bfv,1000000,1.8852,129.2,13.5
new,2,CSV,PHast-R S=10 L=2048 R=4 d=1 l=6 bfvu,1000000,1.8853,125.0,11.3
new,2,CSV,PHast-R S=12 L=4096 R=4 d=1 l=7 bfv,1000000,1.9652,146.4,13.6
new,2,CSV,PHast-R S=12 L=4096 R=4 d=1 l=7 bfvu,1000000,1.9652,146.5,11.5
old,2,CSV,ref plus S=8 l=5.25,1000000,2.1286,69.8,11.0
old,2,CSV,ref w3 S=10 l=6,1000000,1.8953,245.6,10.1
old,2,CSV,PHast-R S=10 L=2048 R=4 d=1 l=6 bfv,1000000,1.8852,129.3,11.4
old,2,CSV,PHast-R S=12 L=4096 R=4 d=1 l=7 bfv,1000000,1.9652,147.1,11.6
new,0,CSV,ref plus S=8 l=5.25,10000000,2.1160,66.7,25.1
new,0,CSV,ref w3 S=10 l=6,10000000,1.8718,245.6,27.1
new,0,CSV,PHast-R S=10 L=2048 R=4 d=1 l=6 bfv,10000000,1.8602,128.4,33.1
new,0,CSV,PHast-R S=10 L=2048 R=4 d=1 l=6 bfvu,10000000,1.8603,128.0,29.8
new,0,CSV,PHast-R S=12 L=4096 R=4 d=1 l=7 bfv,10000000,1.9249,144.6,33.2
new,0,CSV,PHast-R S=12 L=4096 R=4 d=1 l=7 bfvu,10000000,1.9249,145.9,30.0
old,0,CSV,ref plus S=8 l=5.25,10000000,2.1160,64.7,24.9
old,0,CSV,ref w3 S=10 l=6,10000000,1.8718,245.0,26.7
old,0,CSV,PHast-R S=10 L=2048 R=4 d=1 l=6 bfv,10000000,1.8602,126.5,29.6
old,0,CSV,PHast-R S=12 L=4096 R=4 d=1 l=7 bfv,10000000,1.9249,144.7,29.8
new,1,CSV,ref plus S=8 l=5.25,10000000,2.1174,68.4,24.9
new,1,CSV,ref w3 S=10 l=6,10000000,1.8732,243.2,26.8
new,1,CSV,PHast-R S=10 L=2048 R=4 d=1 l=6 bfv,10000000,1.8600,126.5,33.4
new,1,CSV,PHast-R S=10 L=2048 R=4 d=1 l=6 bfvu,10000000,1.8600,126.8,30.1
new,1,CSV,PHast-R S=12 L=4096 R=4 d=1 l=7 bfv,10000000,1.9260,144.1,33.3
new,1,CSV,PHast-R S=12 L=4096 R=4 d=1 l=7 bfvu,10000000,1.9260,145.3,30.0
old,1,CSV,ref plus S=8 l=5.25,10000000,2.1174,65.0,25.3
old,1,CSV,ref w3 S=10 l=6,10000000,1.8732,267.0,27.0
old,1,CSV,PHast-R S=10 L=2048 R=4 d=1 l=6 bfv,10000000,1.8600,126.2,29.6
old,1,CSV,PHast-R S=12 L=4096 R=4 d=1 l=7 bfv,10000000,1.9260,143.7,29.9
new,2,CSV,ref plus S=8 l=5.25,10000000,2.1171,68.5,25.3
new,2,CSV,ref w3 S=10 l=6,10000000,1.8729,245.0,26.4
new,2,CSV,PHast-R S=10 L=2048 R=4 d=1 l=6 bfv,10000000,1.8606,128.0,33.0
new,2,CSV,PHast-R S=10 L=2048 R=4 d=1 l=6 bfvu,10000000,1.8606,127.7,29.9
new,2,CSV,PHast-R S=12 L=4096 R=4 d=1 l=7 bfv,10000000,1.9259,144.1,33.6
new,2,CSV,PHast-R S=12 L=4096 R=4 d=1 l=7 bfvu,10000000,1.9259,146.2,30.0
old,2,CSV,ref plus S=8 l=5.25,10000000,2.1171,65.3,24.9
old,2,CSV,ref w3 S=10 l=6,10000000,1.8729,243.5,26.7
old,2,CSV,PHast-R S=10 L=2048 R=4 d=1 l=6 bfv,10000000,1.8606,127.4,29.4
old,2,CSV,PHast-R S=12 L=4096 R=4 d=1 l=7 bfv,10000000,1.9259,144.3,29.5
new,0,CSV,ref plus S=8 l=5.25,100000000,2.1154,69.6,38.1
new,0,CSV,ref w3 S=10 l=6,100000000,1.8693,250.7,38.2
new,0,CSV,PHast-R S=10 L=2048 R=4 d=1 l=6 bfv,100000000,1.8564,128.5,45.3
new,0,CSV,PHast-R S=10 L=2048 R=4 d=1 l=6 bfvu,100000000,1.8564,129.3,42.2
new,0,CSV,PHast-R S=12 L=4096 R=4 d=1 l=7 bfv,100000000,1.9146,144.3,46.1
new,0,CSV,PHast-R S=12 L=4096 R=4 d=1 l=7 bfvu,100000000,1.9146,144.7,41.7
old,0,CSV,ref plus S=8 l=5.25,100000000,2.1154,69.9,37.8
old,0,CSV,ref w3 S=10 l=6,100000000,1.8693,252.3,37.6
old,0,CSV,PHast-R S=10 L=2048 R=4 d=1 l=6 bfv,100000000,1.8564,129.2,41.1
old,0,CSV,PHast-R S=12 L=4096 R=4 d=1 l=7 bfv,100000000,1.9146,143.3,41.8
