base,0,CSV,ref plus S=8 l=5.25,100000,2.2677,164.7,8.3
base,0,CSV,ref w3 S=8 l=5,100000,2.0884,130.5,7.0
base,0,CSV,PHast-R S=8 L=1024 R=4 d=1 l=4.75 u8,100000,2.0623,116.6,7.0
base,0,CSV,PHast-R S=8 L=1024 R=4 d=2 l=4.75 u8,100000,2.0569,161.2,6.8
v3,0,CSV,ref plus S=8 l=5.25,100000,2.2677,149.9,8.2
v3,0,CSV,ref w3 S=8 l=5,100000,2.0884,125.5,6.8
v3,0,CSV,PHast-R S=8 L=1024 R=4 d=1 l=4.75 u8,100000,2.0623,110.1,7.1
v3,0,CSV,PHast-R S=8 L=1024 R=4 d=2 l=4.75 u8,100000,2.0569,159.3,7.1
base,1,CSV,ref plus S=8 l=5.25,100000,2.2754,150.3,8.2
base,1,CSV,ref w3 S=8 l=5,100000,2.0903,124.9,6.8
base,1,CSV,PHast-R S=8 L=1024 R=4 d=1 l=4.75 u8,100000,2.0632,110.6,6.8
base,1,CSV,PHast-R S=8 L=1024 R=4 d=2 l=4.75 u8,100000,2.0512,169.6,6.7
v3,1,CSV,ref plus S=8 l=5.25,100000,2.2754,149.1,8.2
v3,1,CSV,ref w3 S=8 l=5,100000,2.0903,126.4,6.8
v3,1,CSV,PHast-R S=8 L=1024 R=4 d=1 l=4.75 u8,100000,2.0632,109.0,7.2
v3,1,CSV,PHast-R S=8 L=1024 R=4 d=2 l=4.75 u8,100000,2.0512,162.9,7.1
base,2,CSV,ref plus S=8 l=5.25,100000,2.2569,146.8,8.0
base,2,CSV,ref w3 S=8 l=5,100000,2.0883,124.7,6.9
base,2,CSV,PHast-R S=8 L=1024 R=4 d=1 l=4.75 u8,100000,2.0604,108.8,6.8
base,2,CSV,PHast-R S=8 L=1024 R=4 d=2 l=4.75 u8,100000,2.0534,171.3,6.8
v3,2,CSV,ref plus S=8 l=5.25,100000,2.2569,150.5,8.1
v3,2,CSV,ref w3 S=8 l=5,100000,2.0883,130.8,6.9
v3,2,CSV,PHast-R S=8 L=1024 R=4 d=1 l=4.75 u8,100000,2.0604,107.8,7.1
v3,2,CSV,PHast-R S=8 L=1024 R=4 d=2 l=4.75 u8,100000,2.0534,171.7,7.1
base,0,CSV,ref plus S=8 l=5.25,1000000,2.1328,71.5,11.2
base,0,CSV,ref w3 S=8 l=5,1000000,1.9827,118.3,9.3
base,0,CSV,PHast-R S=8 L=1024 R=4 d=1 l=4.75 u8,1000000,1.9425,119.5,9.5
base,0,CSV,PHast-R S=8 L=1024 R=4 d=2 l=4.75 u8,1000000,1.9299,185.2,9.4
v3,0,CSV,ref plus S=8 l=5.25,1000000,2.1328,68.3,10.9
v3,0,CSV,ref w3 S=8 l=5,1000000,1.9827,120.4,9.2
v3,0,CSV,PHast-R S=8 L=1024 R=4 d=1 l=4.75 u8,1000000,1.9439,115.6,9.8
v3,0,CSV,PHast-R S=8 L=1024 R=4 d=2 l=4.75 u8,1000000,1.9294,184.8,9.7
base,1,CSV,ref plus S=8 l=5.25,1000000,2.1316,68.2,11.0
base,1,CSV,ref w3 S=8 l=5,1000000,1.9825,119.3,9.3
base,1,CSV,PHast-R S=8 L=1024 R=4 d=1 l=4.75 u8,1000000,1.9446,121.9,9.4
base,1,CSV,PHast-R S=8 L=1024 R=4 d=2 l=4.75 u8,1000000,1.9288,185.1,9.5
v3,1,CSV,ref plus S=8 l=5.25,1000000,2.1316,69.3,11.0
v3,1,CSV,ref w3 S=8 l=5,1000000,1.9825,120.1,9.3
v3,1,CSV,PHast-R S=8 L=1024 R=4 d=1 l=4.75 u8,1000000,1.9450,115.9,10.0
v3,1,CSV,PHast-R S=8 L=1024 R=4 d=2 l=4.75 u8,1000000,1.9288,184.3,9.9
base,2,CSV,ref plus S=8 l=5.25,1000000,2.1286,67.7,11.1
base,2,CSV,ref w3 S=8 l=5,1000000,1.9829,119.2,9.5
base,2,CSV,PHast-R S=8 L=1024 R=4 d=1 l=4.75 u8,1000000,1.9420,117.5,9.7
base,2,CSV,PHast-R S=8 L=1024 R=4 d=2 l=4.75 u8,1000000,1.9287,183.5,9.6
v3,2,CSV,ref plus S=8 l=5.25,1000000,2.1286,70.0,11.2
v3,2,CSV,ref w3 S=8 l=5,1000000,1.9829,122.3,9.8
v3,2,CSV,PHast-R S=8 L=1024 R=4 d=1 l=4.75 u8,1000000,1.9430,116.3,10.1
v3,2,CSV,PHast-R S=8 L=1024 R=4 d=2 l=4.75 u8,1000000,1.9300,184.5,10.0
base,0,CSV,ref plus S=8 l=5.25,10000000,2.1160,64.7,26.3
base,0,CSV,ref w3 S=8 l=5,10000000,1.9701,119.6,24.5
base,0,CSV,PHast-R S=8 L=1024 R=4 d=1 l=4.75 u8,10000000,1.9306,118.8,25.7
base,0,CSV,PHast-R S=8 L=1024 R=4 d=2 l=4.75 u8,10000000,1.9183,186.8,25.5
v3,0,CSV,ref plus S=8 l=5.25,10000000,2.1160,66.3,26.0
v3,0,CSV,ref w3 S=8 l=5,10000000,1.9701,123.4,24.4
v3,0,CSV,PHast-R S=8 L=1024 R=4 d=1 l=4.75 u8,10000000,1.9306,117.4,26.6
v3,0,CSV,PHast-R S=8 L=1024 R=4 d=2 l=4.75 u8,10000000,1.9183,189.3,26.5
base,1,CSV,ref plus S=8 l=5.25,10000000,2.1174,65.1,25.3
base,1,CSV,ref w3 S=8 l=5,10000000,1.9698,121.4,23.6
base,1,CSV,PHast-R S=8 L=1024 R=4 d=1 l=4.75 u8,10000000,1.9306,118.4,24.9
base,1,CSV,PHast-R S=8 L=1024 R=4 d=2 l=4.75 u8,10000000,1.9177,185.1,25.0
v3,1,CSV,ref plus S=8 l=5.25,10000000,2.1174,64.8,25.9
v3,1,CSV,ref w3 S=8 l=5,10000000,1.9698,121.6,23.9
v3,1,CSV,PHast-R S=8 L=1024 R=4 d=1 l=4.75 u8,10000000,1.9306,117.6,26.2
v3,1,CSV,PHast-R S=8 L=1024 R=4 d=2 l=4.75 u8,10000000,1.9177,186.6,26.0
base,2,CSV,ref plus S=8 l=5.25,10000000,2.1171,66.1,25.9
base,2,CSV,ref w3 S=8 l=5,10000000,1.9701,125.5,24.5
base,2,CSV,PHast-R S=8 L=1024 R=4 d=1 l=4.75 u8,10000000,1.9311,121.2,25.6
base,2,CSV,PHast-R S=8 L=1024 R=4 d=2 l=4.75 u8,10000000,1.9180,189.1,25.8
v3,2,CSV,ref plus S=8 l=5.25,10000000,2.1171,65.6,26.0
v3,2,CSV,ref w3 S=8 l=5,10000000,1.9701,122.1,24.2
v3,2,CSV,PHast-R S=8 L=1024 R=4 d=1 l=4.75 u8,10000000,1.9311,119.1,26.2
v3,2,CSV,PHast-R S=8 L=1024 R=4 d=2 l=4.75 u8,10000000,1.9180,189.9,26.4
base,0,CSV,ref plus S=8 l=5.25,100000000,2.1154,70.8,39.0
base,0,CSV,ref w3 S=8 l=5,100000000,1.9681,126.9,35.5
base,0,CSV,PHast-R S=8 L=1024 R=4 d=1 l=4.75 u8,100000000,1.9297,121.1,37.1
base,0,CSV,PHast-R S=8 L=1024 R=4 d=2 l=4.75 u8,100000000,1.9166,189.9,36.9
v3,0,CSV,ref plus S=8 l=5.25,100000000,2.1154,71.5,39.6
v3,0,CSV,ref w3 S=8 l=5,100000000,1.9681,127.7,36.2
v3,0,CSV,PHast-R S=8 L=1024 R=4 d=1 l=4.75 u8,100000000,1.9297,119.8,38.8
v3,0,CSV,PHast-R S=8 L=1024 R=4 d=2 l=4.75 u8,100000000,1.9166,190.8,38.1
