base,0,CSV,ref plus S=8 l=5.25,100000,2.2677,153.4,8.1
base,0,CSV,ref w3 S=8 l=5,100000,2.0884,124.0,6.9
base,0,CSV,PHast-R S=8 L=1024 R=4 d=1 l=4.75 u8,100000,2.0623,111.9,6.9
base,0,CSV,PHast-R S=8 L=1024 R=4 d=2 l=4.75 u8,100000,2.0569,164.9,6.8
rehash,0,CSV,ref plus S=8 l=5.25,100000,2.2677,147.5,8.1
rehash,0,CSV,ref w3 S=8 l=5,100000,2.0884,124.2,6.8
rehash,0,CSV,PHast-R S=8 L=1024 R=4 d=1 l=4.75 u8,100000,2.0623,108.6,7.2
rehash,0,CSV,PHast-R S=8 L=1024 R=4 d=2 l=4.75 u8,100000,2.0569,164.9,7.1
base,1,CSV,ref plus S=8 l=5.25,100000,2.2754,151.7,8.1
base,1,CSV,ref w3 S=8 l=5,100000,2.0903,124.9,6.8
base,1,CSV,PHast-R S=8 L=1024 R=4 d=1 l=4.75 u8,100000,2.0632,108.7,6.8
base,1,CSV,PHast-R S=8 L=1024 R=4 d=2 l=4.75 u8,100000,2.0512,167.2,6.7
rehash,1,CSV,ref plus S=8 l=5.25,100000,2.2754,148.2,8.1
rehash,1,CSV,ref w3 S=8 l=5,100000,2.0903,125.2,6.8
rehash,1,CSV,PHast-R S=8 L=1024 R=4 d=1 l=4.75 u8,100000,2.0632,107.3,7.2
rehash,1,CSV,PHast-R S=8 L=1024 R=4 d=2 l=4.75 u8,100000,2.0512,162.1,7.1
base,2,CSV,ref plus S=8 l=5.25,100000,2.2569,150.2,8.0
base,2,CSV,ref w3 S=8 l=5,100000,2.0883,124.8,6.8
base,2,CSV,PHast-R S=8 L=1024 R=4 d=1 l=4.75 u8,100000,2.0604,108.6,6.8
base,2,CSV,PHast-R S=8 L=1024 R=4 d=2 l=4.75 u8,100000,2.0534,169.2,6.8
rehash,2,CSV,ref plus S=8 l=5.25,100000,2.2569,146.2,8.1
rehash,2,CSV,ref w3 S=8 l=5,100000,2.0883,126.2,6.8
rehash,2,CSV,PHast-R S=8 L=1024 R=4 d=1 l=4.75 u8,100000,2.0604,110.4,7.2
rehash,2,CSV,PHast-R S=8 L=1024 R=4 d=2 l=4.75 u8,100000,2.0534,171.1,7.4
base,0,CSV,ref plus S=8 l=5.25,1000000,2.1328,70.1,11.2
base,0,CSV,ref w3 S=8 l=5,1000000,1.9827,122.2,9.4
base,0,CSV,PHast-R S=8 L=1024 R=4 d=1 l=4.75 u8,1000000,1.9425,119.4,9.4
base,0,CSV,PHast-R S=8 L=1024 R=4 d=2 l=4.75 u8,1000000,1.9299,186.5,9.4
rehash,0,CSV,ref plus S=8 l=5.25,1000000,2.1328,69.3,11.0
rehash,0,CSV,ref w3 S=8 l=5,1000000,1.9827,121.8,9.2
rehash,0,CSV,PHast-R S=8 L=1024 R=4 d=1 l=4.75 u8,1000000,1.9435,116.3,10.0
rehash,0,CSV,PHast-R S=8 L=1024 R=4 d=2 l=4.75 u8,1000000,1.9302,189.1,9.8
base,1,CSV,ref plus S=8 l=5.25,1000000,2.1316,69.6,11.3
base,1,CSV,ref w3 S=8 l=5,1000000,1.9825,126.5,9.4
base,1,CSV,PHast-R S=8 L=1024 R=4 d=1 l=4.75 u8,1000000,1.9446,120.9,9.5
base,1,CSV,PHast-R S=8 L=1024 R=4 d=2 l=4.75 u8,1000000,1.9288,189.3,9.4
rehash,1,CSV,ref plus S=8 l=5.25,1000000,2.1316,69.9,11.4
rehash,1,CSV,ref w3 S=8 l=5,1000000,1.9825,123.3,9.7
rehash,1,CSV,PHast-R S=8 L=1024 R=4 d=1 l=4.75 u8,1000000,1.9449,119.3,10.4
rehash,1,CSV,PHast-R S=8 L=1024 R=4 d=2 l=4.75 u8,1000000,1.9288,192.5,10.2
base,2,CSV,ref plus S=8 l=5.25,1000000,2.1286,69.6,11.3
base,2,CSV,ref w3 S=8 l=5,1000000,1.9829,123.2,9.8
base,2,CSV,PHast-R S=8 L=1024 R=4 d=1 l=4.75 u8,1000000,1.9420,120.0,9.8
base,2,CSV,PHast-R S=8 L=1024 R=4 d=2 l=4.75 u8,1000000,1.9287,191.2,9.8
rehash,2,CSV,ref plus S=8 l=5.25,1000000,2.1286,70.0,11.4
rehash,2,CSV,ref w3 S=8 l=5,1000000,1.9829,122.3,9.6
rehash,2,CSV,PHast-R S=8 L=1024 R=4 d=1 l=4.75 u8,1000000,1.9431,119.4,10.2
rehash,2,CSV,PHast-R S=8 L=1024 R=4 d=2 l=4.75 u8,1000000,1.9298,191.2,10.3
base,0,CSV,ref plus S=8 l=5.25,10000000,2.1160,66.5,25.6
base,0,CSV,ref w3 S=8 l=5,10000000,1.9701,121.2,24.0
base,0,CSV,PHast-R S=8 L=1024 R=4 d=1 l=4.75 u8,10000000,1.9306,122.0,25.3
base,0,CSV,PHast-R S=8 L=1024 R=4 d=2 l=4.75 u8,10000000,1.9183,187.4,25.1
rehash,0,CSV,ref plus S=8 l=5.25,10000000,2.1160,65.4,25.3
rehash,0,CSV,ref w3 S=8 l=5,10000000,1.9701,121.7,23.7
rehash,0,CSV,PHast-R S=8 L=1024 R=4 d=1 l=4.75 u8,10000000,1.9306,118.0,25.9
rehash,0,CSV,PHast-R S=8 L=1024 R=4 d=2 l=4.75 u8,10000000,1.9183,187.6,25.8
base,1,CSV,ref plus S=8 l=5.25,10000000,2.1174,65.0,25.8
base,1,CSV,ref w3 S=8 l=5,10000000,1.9698,119.8,23.8
base,1,CSV,PHast-R S=8 L=1024 R=4 d=1 l=4.75 u8,10000000,1.9306,120.8,25.4
base,1,CSV,PHast-R S=8 L=1024 R=4 d=2 l=4.75 u8,10000000,1.9177,187.2,25.4
rehash,1,CSV,ref plus S=8 l=5.25,10000000,2.1174,65.0,25.3
rehash,1,CSV,ref w3 S=8 l=5,10000000,1.9698,120.3,23.7
rehash,1,CSV,PHast-R S=8 L=1024 R=4 d=1 l=4.75 u8,10000000,1.9305,117.4,25.8
rehash,1,CSV,PHast-R S=8 L=1024 R=4 d=2 l=4.75 u8,10000000,1.9175,186.0,25.8
base,2,CSV,ref plus S=8 l=5.25,10000000,2.1171,66.0,25.5
base,2,CSV,ref w3 S=8 l=5,10000000,1.9701,119.1,24.0
base,2,CSV,PHast-R S=8 L=1024 R=4 d=1 l=4.75 u8,10000000,1.9311,118.1,25.0
base,2,CSV,PHast-R S=8 L=1024 R=4 d=2 l=4.75 u8,10000000,1.9180,186.6,25.0
rehash,2,CSV,ref plus S=8 l=5.25,10000000,2.1171,65.4,25.9
rehash,2,CSV,ref w3 S=8 l=5,10000000,1.9701,120.0,24.3
rehash,2,CSV,PHast-R S=8 L=1024 R=4 d=1 l=4.75 u8,10000000,1.9312,116.8,26.6
rehash,2,CSV,PHast-R S=8 L=1024 R=4 d=2 l=4.75 u8,10000000,1.9180,186.4,26.1
base,0,CSV,ref plus S=8 l=5.25,100000000,2.1154,70.3,38.8
base,0,CSV,ref w3 S=8 l=5,100000000,1.9681,126.4,35.3
base,0,CSV,PHast-R S=8 L=1024 R=4 d=1 l=4.75 u8,100000000,1.9297,121.4,36.7
base,0,CSV,PHast-R S=8 L=1024 R=4 d=2 l=4.75 u8,100000000,1.9166,190.0,37.0
rehash,0,CSV,ref plus S=8 l=5.25,100000000,2.1154,71.0,39.1
rehash,0,CSV,ref w3 S=8 l=5,100000000,1.9681,127.4,36.2
rehash,0,CSV,PHast-R S=8 L=1024 R=4 d=1 l=4.75 u8,100000000,1.9296,121.1,37.8
rehash,0,CSV,PHast-R S=8 L=1024 R=4 d=2 l=4.75 u8,100000000,1.9165,191.2,37.6
