base,0,CSV,ref plus S=8 l=5.25,100000,2.2635,172.9,26.0
base,0,CSV,ref w3 S=8 l=5,100000,2.0919,148.0,24.5
base,0,CSV,PHast-R S=8 L=1024 d=1 l=4.75,100000,2.0705,121.9,24.9
base,0,CSV,PHast-R S=8 L=1024 d=2 l=4.75,100000,2.0558,178.4,24.5
v3,0,CSV,ref plus S=8 l=5.25,100000,2.2635,180.2,26.1
v3,0,CSV,ref w3 S=8 l=5,100000,2.0919,150.9,24.5
v3,0,CSV,PHast-R S=8 L=1024 d=1 l=4.75,100000,2.0705,122.4,25.1
v3,0,CSV,PHast-R S=8 L=1024 d=2 l=4.75,100000,2.0558,180.9,25.1
base,1,CSV,ref plus S=8 l=5.25,100000,2.2704,173.5,26.4
base,1,CSV,ref w3 S=8 l=5,100000,2.0810,153.2,24.8
base,1,CSV,PHast-R S=8 L=1024 d=1 l=4.75,100000,2.0569,119.4,25.5
base,1,CSV,PHast-R S=8 L=1024 d=2 l=4.75,100000,2.0423,178.8,24.9
v3,1,CSV,ref plus S=8 l=5.25,100000,2.2704,177.4,25.8
v3,1,CSV,ref w3 S=8 l=5,100000,2.0810,153.7,23.9
v3,1,CSV,PHast-R S=8 L=1024 d=1 l=4.75,100000,2.0569,124.1,24.3
v3,1,CSV,PHast-R S=8 L=1024 d=2 l=4.75,100000,2.0423,176.8,24.6
base,2,CSV,ref plus S=8 l=5.25,100000,2.2590,169.6,25.8
base,2,CSV,ref w3 S=8 l=5,100000,2.0759,155.0,24.1
base,2,CSV,PHast-R S=8 L=1024 d=1 l=4.75,100000,2.0488,118.6,24.9
base,2,CSV,PHast-R S=8 L=1024 d=2 l=4.75,100000,2.0420,178.2,24.5
v3,2,CSV,ref plus S=8 l=5.25,100000,2.2590,176.0,26.0
v3,2,CSV,ref w3 S=8 l=5,100000,2.0759,162.1,24.1
v3,2,CSV,PHast-R S=8 L=1024 d=1 l=4.75,100000,2.0488,124.1,24.4
v3,2,CSV,PHast-R S=8 L=1024 d=2 l=4.75,100000,2.0420,183.8,24.7
base,0,CSV,ref plus S=8 l=5.25,1000000,2.1313,93.0,65.2
base,0,CSV,ref w3 S=8 l=5,1000000,1.9821,144.4,63.1
base,0,CSV,PHast-R S=8 L=1024 d=1 l=4.75,1000000,1.9416,127.7,69.0
base,0,CSV,PHast-R S=8 L=1024 d=2 l=4.75,1000000,1.9278,200.5,69.3
v3,0,CSV,ref plus S=8 l=5.25,1000000,2.1313,94.2,64.3
v3,0,CSV,ref w3 S=8 l=5,1000000,1.9821,143.5,62.0
v3,0,CSV,PHast-R S=8 L=1024 d=1 l=4.75,1000000,1.9419,126.1,65.6
v3,0,CSV,PHast-R S=8 L=1024 d=2 l=4.75,1000000,1.9279,198.0,65.6
base,1,CSV,ref plus S=8 l=5.25,1000000,2.1296,92.4,65.3
base,1,CSV,ref w3 S=8 l=5,1000000,1.9860,143.6,62.6
base,1,CSV,PHast-R S=8 L=1024 d=1 l=4.75,1000000,1.9448,130.0,67.9
base,1,CSV,PHast-R S=8 L=1024 d=2 l=4.75,1000000,1.9332,201.7,68.5
v3,1,CSV,ref plus S=8 l=5.25,1000000,2.1296,93.9,64.6
v3,1,CSV,ref w3 S=8 l=5,1000000,1.9860,148.1,62.9
v3,1,CSV,PHast-R S=8 L=1024 d=1 l=4.75,1000000,1.9442,128.5,66.8
v3,1,CSV,PHast-R S=8 L=1024 d=2 l=4.75,1000000,1.9332,195.0,66.5
base,2,CSV,ref plus S=8 l=5.25,1000000,2.1294,94.5,64.3
base,2,CSV,ref w3 S=8 l=5,1000000,1.9803,143.2,62.2
base,2,CSV,PHast-R S=8 L=1024 d=1 l=4.75,1000000,1.9406,130.5,67.9
base,2,CSV,PHast-R S=8 L=1024 d=2 l=4.75,1000000,1.9276,198.0,68.4
v3,2,CSV,ref plus S=8 l=5.25,1000000,2.1294,92.9,63.5
v3,2,CSV,ref w3 S=8 l=5,1000000,1.9803,146.1,62.4
v3,2,CSV,PHast-R S=8 L=1024 d=1 l=4.75,1000000,1.9419,125.4,66.3
v3,2,CSV,PHast-R S=8 L=1024 d=2 l=4.75,1000000,1.9281,194.9,65.5
base,0,CSV,ref plus S=8 l=5.25,10000000,2.1169,88.3,77.4
base,0,CSV,ref w3 S=8 l=5,10000000,1.9698,140.2,75.6
base,0,CSV,PHast-R S=8 L=1024 d=1 l=4.75,10000000,1.9315,125.7,82.4
base,0,CSV,PHast-R S=8 L=1024 d=2 l=4.75,10000000,1.9187,194.5,81.9
v3,0,CSV,ref plus S=8 l=5.25,10000000,2.1169,89.3,77.1
v3,0,CSV,ref w3 S=8 l=5,10000000,1.9698,141.0,75.4
v3,0,CSV,PHast-R S=8 L=1024 d=1 l=4.75,10000000,1.9314,127.0,80.5
v3,0,CSV,PHast-R S=8 L=1024 d=2 l=4.75,10000000,1.9188,194.0,80.1
base,1,CSV,ref plus S=8 l=5.25,10000000,2.1165,88.6,79.5
base,1,CSV,ref w3 S=8 l=5,10000000,1.9701,150.7,75.7
base,1,CSV,PHast-R S=8 L=1024 d=1 l=4.75,10000000,1.9303,126.9,83.3
base,1,CSV,PHast-R S=8 L=1024 d=2 l=4.75,10000000,1.9179,197.6,83.7
v3,1,CSV,ref plus S=8 l=5.25,10000000,2.1165,88.2,77.8
v3,1,CSV,ref w3 S=8 l=5,10000000,1.9701,142.3,76.1
v3,1,CSV,PHast-R S=8 L=1024 d=1 l=4.75,10000000,1.9302,128.9,81.1
v3,1,CSV,PHast-R S=8 L=1024 d=2 l=4.75,10000000,1.9179,198.4,80.8
base,2,CSV,ref plus S=8 l=5.25,10000000,2.1161,90.4,78.5
base,2,CSV,ref w3 S=8 l=5,10000000,1.9696,142.4,77.0
base,2,CSV,PHast-R S=8 L=1024 d=1 l=4.75,10000000,1.9309,128.8,83.7
base,2,CSV,PHast-R S=8 L=1024 d=2 l=4.75,10000000,1.9183,195.4,83.4
v3,2,CSV,ref plus S=8 l=5.25,10000000,2.1161,89.2,77.7
v3,2,CSV,ref w3 S=8 l=5,10000000,1.9696,140.2,75.6
v3,2,CSV,PHast-R S=8 L=1024 d=1 l=4.75,10000000,1.9311,127.6,80.0
v3,2,CSV,PHast-R S=8 L=1024 d=2 l=4.75,10000000,1.9182,196.5,79.5
base,0,CSV,ref plus S=8 l=5.25,100000000,2.1151,97.7,126.4
base,0,CSV,ref w3 S=8 l=5,100000000,1.9683,150.6,121.1
base,0,CSV,PHast-R S=8 L=1024 d=1 l=4.75,100000000,1.9296,129.9,129.9
base,0,CSV,PHast-R S=8 L=1024 d=2 l=4.75,100000000,1.9165,196.4,128.5
v3,0,CSV,ref plus S=8 l=5.25,100000000,2.1151,98.2,126.3
v3,0,CSV,ref w3 S=8 l=5,100000000,1.9683,150.4,123.1
v3,0,CSV,PHast-R S=8 L=1024 d=1 l=4.75,100000000,1.9296,131.4,127.9
v3,0,CSV,PHast-R S=8 L=1024 d=2 l=4.75,100000000,1.9166,200.7,127.3
