v3,0,CSV,ref plus S=8 l=5.25,100000,2.2635,173.2,26.5
v3,0,CSV,ref w3 S=8 l=5,100000,2.0919,151.8,24.6
v3,0,CSV,PHast-R S=8 L=1024 d=1 l=4.75,100000,2.0705,121.6,25.1
v3,0,CSV,PHast-R S=8 L=1024 d=2 l=4.75,100000,2.0558,189.6,25.1
inl,0,CSV,ref plus S=8 l=5.25,100000,2.2635,178.7,26.8
inl,0,CSV,ref w3 S=8 l=5,100000,2.0919,156.5,24.7
inl,0,CSV,PHast-R S=8 L=1024 d=1 l=4.75,100000,2.0705,125.0,24.0
inl,0,CSV,PHast-R S=8 L=1024 d=2 l=4.75,100000,2.0558,181.4,24.2
v3,1,CSV,ref plus S=8 l=5.25,100000,2.2704,173.0,26.4
v3,1,CSV,ref w3 S=8 l=5,100000,2.0810,156.1,24.6
v3,1,CSV,PHast-R S=8 L=1024 d=1 l=4.75,100000,2.0569,120.5,25.3
v3,1,CSV,PHast-R S=8 L=1024 d=2 l=4.75,100000,2.0423,178.7,24.9
inl,1,CSV,ref plus S=8 l=5.25,100000,2.2704,178.5,26.4
inl,1,CSV,ref w3 S=8 l=5,100000,2.0810,147.9,24.2
inl,1,CSV,PHast-R S=8 L=1024 d=1 l=4.75,100000,2.0569,122.8,23.8
inl,1,CSV,PHast-R S=8 L=1024 d=2 l=4.75,100000,2.0423,176.5,24.1
v3,2,CSV,ref plus S=8 l=5.25,100000,2.2590,175.1,26.3
v3,2,CSV,ref w3 S=8 l=5,100000,2.0759,161.3,24.2
v3,2,CSV,PHast-R S=8 L=1024 d=1 l=4.75,100000,2.0488,124.7,24.9
v3,2,CSV,PHast-R S=8 L=1024 d=2 l=4.75,100000,2.0420,193.0,24.6
inl,2,CSV,ref plus S=8 l=5.25,100000,2.2590,170.5,25.7
inl,2,CSV,ref w3 S=8 l=5,100000,2.0759,155.3,23.8
inl,2,CSV,PHast-R S=8 L=1024 d=1 l=4.75,100000,2.0488,120.0,23.3
inl,2,CSV,PHast-R S=8 L=1024 d=2 l=4.75,100000,2.0420,180.2,23.3
v3,0,CSV,ref plus S=8 l=5.25,1000000,2.1313,94.7,63.2
v3,0,CSV,ref w3 S=8 l=5,1000000,1.9821,142.0,61.5
v3,0,CSV,PHast-R S=8 L=1024 d=1 l=4.75,1000000,1.9419,130.5,65.4
v3,0,CSV,PHast-R S=8 L=1024 d=2 l=4.75,1000000,1.9279,195.3,65.8
inl,0,CSV,ref plus S=8 l=5.25,1000000,2.1313,95.1,64.1
inl,0,CSV,ref w3 S=8 l=5,1000000,1.9821,142.5,61.2
inl,0,CSV,PHast-R S=8 L=1024 d=1 l=4.75,1000000,1.9419,127.7,64.7
inl,0,CSV,PHast-R S=8 L=1024 d=2 l=4.75,1000000,1.9279,194.9,65.4
v3,1,CSV,ref plus S=8 l=5.25,1000000,2.1296,94.9,64.0
v3,1,CSV,ref w3 S=8 l=5,1000000,1.9860,140.1,61.9
v3,1,CSV,PHast-R S=8 L=1024 d=1 l=4.75,1000000,1.9442,125.7,65.6
v3,1,CSV,PHast-R S=8 L=1024 d=2 l=4.75,1000000,1.9332,197.4,65.5
inl,1,CSV,ref plus S=8 l=5.25,1000000,2.1296,92.5,64.5
inl,1,CSV,ref w3 S=8 l=5,1000000,1.9860,139.8,61.7
inl,1,CSV,PHast-R S=8 L=1024 d=1 l=4.75,1000000,1.9442,127.9,64.8
inl,1,CSV,PHast-R S=8 L=1024 d=2 l=4.75,1000000,1.9332,203.9,65.1
v3,2,CSV,ref plus S=8 l=5.25,1000000,2.1294,94.4,63.4
v3,2,CSV,ref w3 S=8 l=5,1000000,1.9803,142.7,62.7
v3,2,CSV,PHast-R S=8 L=1024 d=1 l=4.75,1000000,1.9419,127.8,65.5
v3,2,CSV,PHast-R S=8 L=1024 d=2 l=4.75,1000000,1.9281,193.2,65.5
inl,2,CSV,ref plus S=8 l=5.25,1000000,2.1294,92.1,64.0
inl,2,CSV,ref w3 S=8 l=5,1000000,1.9803,139.4,61.3
inl,2,CSV,PHast-R S=8 L=1024 d=1 l=4.75,1000000,1.9419,126.8,64.4
inl,2,CSV,PHast-R S=8 L=1024 d=2 l=4.75,1000000,1.9281,194.2,64.3
v3,0,CSV,ref plus S=8 l=5.25,10000000,2.1169,90.5,78.2
v3,0,CSV,ref w3 S=8 l=5,10000000,1.9698,142.3,76.0
v3,0,CSV,PHast-R S=8 L=1024 d=1 l=4.75,10000000,1.9314,127.8,80.3
v3,0,CSV,PHast-R S=8 L=1024 d=2 l=4.75,10000000,1.9188,197.2,79.7
inl,0,CSV,ref plus S=8 l=5.25,10000000,2.1169,89.6,77.8
inl,0,CSV,ref w3 S=8 l=5,10000000,1.9698,138.1,75.1
inl,0,CSV,PHast-R S=8 L=1024 d=1 l=4.75,10000000,1.9314,127.1,79.0
inl,0,CSV,PHast-R S=8 L=1024 d=2 l=4.75,10000000,1.9188,194.8,78.8
v3,1,CSV,ref plus S=8 l=5.25,10000000,2.1165,88.2,78.0
v3,1,CSV,ref w3 S=8 l=5,10000000,1.9701,141.7,76.2
v3,1,CSV,PHast-R S=8 L=1024 d=1 l=4.75,10000000,1.9302,125.3,80.9
v3,1,CSV,PHast-R S=8 L=1024 d=2 l=4.75,10000000,1.9179,194.7,80.5
inl,1,CSV,ref plus S=8 l=5.25,10000000,2.1165,90.6,78.9
inl,1,CSV,ref w3 S=8 l=5,10000000,1.9701,151.5,76.2
inl,1,CSV,PHast-R S=8 L=1024 d=1 l=4.75,10000000,1.9302,131.7,79.8
inl,1,CSV,PHast-R S=8 L=1024 d=2 l=4.75,10000000,1.9179,200.3,79.3
v3,2,CSV,ref plus S=8 l=5.25,10000000,2.1161,87.9,78.0
v3,2,CSV,ref w3 S=8 l=5,10000000,1.9696,142.0,76.1
v3,2,CSV,PHast-R S=8 L=1024 d=1 l=4.75,10000000,1.9311,126.3,80.6
v3,2,CSV,PHast-R S=8 L=1024 d=2 l=4.75,10000000,1.9182,197.8,80.1
inl,2,CSV,ref plus S=8 l=5.25,10000000,2.1161,91.1,79.5
inl,2,CSV,ref w3 S=8 l=5,10000000,1.9696,141.2,76.3
inl,2,CSV,PHast-R S=8 L=1024 d=1 l=4.75,10000000,1.9311,130.4,79.4
inl,2,CSV,PHast-R S=8 L=1024 d=2 l=4.75,10000000,1.9182,194.8,79.7
v3,0,CSV,ref plus S=8 l=5.25,100000000,2.1151,99.1,119.2
v3,0,CSV,ref w3 S=8 l=5,100000000,1.9683,151.1,116.1
v3,0,CSV,PHast-R S=8 L=1024 d=1 l=4.75,100000000,1.9296,170.3,118.5
v3,0,CSV,PHast-R S=8 L=1024 d=2 l=4.75,100000000,1.9166,199.2,119.7
inl,0,CSV,ref plus S=8 l=5.25,100000000,2.1151,97.6,122.1
inl,0,CSV,ref w3 S=8 l=5,100000000,1.9683,147.8,114.7
inl,0,CSV,PHast-R S=8 L=1024 d=1 l=4.75,100000000,1.9296,136.1,116.9
inl,0,CSV,PHast-R S=8 L=1024 d=2 l=4.75,100000000,1.9166,198.1,117.8
