1,CSV,ref plus S=8 l=5.25,10000000,2.1160,187.8,98.0
1,CSV,ref w1 S=8 l=5.25,10000000,2.0964,223.9,96.7
1,CSV,ref w2 S=8 l=5,10000000,2.0126,255.5,92.8
1,CSV,ref w3 S=8 l=5,10000000,1.9701,290.9,93.1
1,CSV,ref phast S=8 l=4.5,10000000,1.9218,1457.5,130.5
1,CSV,PHast-R S=8 L=1024 R=4 l=4.5 u8,10000000,1.9289,160.3,93.1
1,CSV,PHast-R S=8 L=1024 R=4 l=4.75 u8,10000000,1.9208,162.9,94.4
1,CSV,PHast-R S=8 L=1024 R=4 l=5 u8,10000000,1.9253,159.2,96.3
1,CSV,ref plus S=10 l=5.15,10000000,2.0853,194.0,133.6
1,CSV,ref w1 S=10 l=6.2,10000000,1.9047,266.6,133.4
1,CSV,ref w2 S=10 l=5.9,10000000,1.8828,357.3,131.6
1,CSV,ref w3 S=10 l=6,10000000,1.8718,457.2,132.8
1,CSV,ref phast S=10 l=6.05,10000000,1.8536,4108.3,136.9
1,CSV,PHast-R S=10 L=2048 R=4 l=6 bfvu,10000000,1.8517,313.1,135.2
1,CSV,PHast-R S=10 L=2048 R=4 l=6.25 bfvu,10000000,1.8573,307.4,136.3
1,CSV,ref plus S=8 l=5.25,100000000,2.1154,213.7,162.1
1,CSV,ref w3 S=8 l=5,100000000,1.9681,316.9,151.5
1,CSV,PHast-R S=8 L=1024 R=4 l=4.5 u8,100000000,1.9272,183.4,146.7
1,CSV,PHast-R S=8 L=1024 R=4 l=4.75 u8,100000000,1.9194,175.7,149.3
1,CSV,PHast-R S=8 L=1024 R=4 l=5 u8,100000000,1.9243,178.1,152.7
1,CSV,ref phast S=8 l=4.5,100000000,1.9205,1489.9,183.6
1,CSV,ref w3 S=10 l=6,100000000,1.8693,484.5,187.1
1,CSV,PHast-R S=10 L=2048 R=4 l=6 bfvu,100000000,1.8487,327.4,192.5
1,CSV,ref plus S=8 l=5.25,1000000000,2.1150,248.8,312.9
1,CSV,ref w3 S=8 l=5,1000000000,1.9680,353.2,249.4
1,CSV,PHast-R S=8 L=1024 R=4 l=4.5 u8,1000000000,1.9268,223.0,231.3
1,CSV,PHast-R S=8 L=1024 R=4 l=4.75 u8,1000000000,1.9193,221.2,233.9
1,CSV,PHast-R S=8 L=1024 R=4 l=5 u8,1000000000,1.9241,222.6,238.3
1,CSV,ref phast S=8 l=4.5,1000000000,1.9202,1534.3,273.3
1,CSV,ref w3 S=10 l=6,1000000000,1.8688,535.3,280.2
1,CSV,PHast-R S=10 L=2048 R=4 l=6 bfvu,1000000000,1.8484,376.3,284.1
8,CSV,ref plus S=8 l=5.25,10000000,2.1172,39.4,3363.6
8,CSV,ref w3 S=8 l=5,10000000,1.9725,55.8,2923.2
8,CSV,PHast-R S=8 L=1024 R=4 l=4.5 u8,10000000,1.9309,35.3,857.2
8,CSV,PHast-R S=8 L=1024 R=4 l=4.75 u8,10000000,1.9244,30.1,112.2
8,CSV,PHast-R S=8 L=1024 R=4 l=5 u8,10000000,1.9283,26.2,118.0
8,CSV,ref w3 S=10 l=6,10000000,1.8791,65.5,109.2
8,CSV,PHast-R S=10 L=2048 R=4 l=6 bfvu,10000000,1.8554,50.5,70.2
8,CSV,ref plus S=8 l=5.25,100000000,2.1155,36.3,2536.1
8,CSV,ref w3 S=8 l=5,100000000,1.9686,48.1,3468.8
8,CSV,PHast-R S=8 L=1024 R=4 l=4.5 u8,100000000,1.9276,27.8,1389.5
8,CSV,PHast-R S=8 L=1024 R=4 l=4.75 u8,100000000,1.9198,28.9,1419.7
8,CSV,PHast-R S=8 L=1024 R=4 l=5 u8,100000000,1.9245,29.6,1486.0
8,CSV,ref w3 S=10 l=6,100000000,1.8700,67.2,4858.4
8,CSV,PHast-R S=10 L=2048 R=4 l=6 bfvu,100000000,1.8496,50.7,120.5
8,CSV,ref plus S=8 l=5.25,1000000000,2.1149,46.5,7321.5
8,CSV,ref w3 S=8 l=5,1000000000,1.9679,61.6,2486.2
8,CSV,PHast-R S=8 L=1024 R=4 l=4.5 u8,1000000000,1.9268,34.8,1565.8
8,CSV,PHast-R S=8 L=1024 R=4 l=4.75 u8,1000000000,1.9194,35.7,1625.6
8,CSV,PHast-R S=8 L=1024 R=4 l=5 u8,1000000000,1.9240,35.7,1638.8
8,CSV,ref w3 S=10 l=6,1000000000,1.8689,74.1,3112.6
8,CSV,PHast-R S=10 L=2048 R=4 l=6 bfvu,1000000000,1.8485,54.1,335.6
done
