CSV,ref plus S=8 l=5.25,10000000,2.1155,40.3,22.8
CSV,ref w1 S=8 l=5.25,10000000,2.0954,48.4,22.0
CSV,ref w2 S=8 l=5,10000000,2.0111,58.9,20.9
CSV,ref w3 S=8 l=5,10000000,1.9698,69.7,21.3
CSV,ref phast S=8 l=4.5,10000000,1.9229,561.7,19.9
CSV,ref plus S=10 l=5.15,10000000,2.0847,38.1,19.7
CSV,ref w1 S=10 l=6.2,10000000,1.9055,60.1,19.9
CSV,ref w2 S=10 l=5.9,10000000,1.8841,86.9,19.7
CSV,ref w3 S=10 l=6,10000000,1.8722,121.3,20.1
CSV,ref phast S=10 l=6.05,10000000,1.8536,1645.8,19.9
CSV,PHast-R S=8 L=512 R=4 d=0 l=5,10000000,2.0221,48.2,21.9
CSV,PHast-R S=8 L=512 R=4 d=1 l=5,10000000,1.9353,78.3,21.1
CSV,PHast-R S=8 L=512 R=4 d=2 l=5,10000000,1.9243,125.6,21.1
CSV,PHast-R S=9 L=1024 R=4 d=1 l=5.75,10000000,1.8884,85.0,24.6
CSV,PHast-R S=10 L=2048 R=4 d=0 l=6,10000000,1.9217,52.6,24.0
CSV,PHast-R S=10 L=2048 R=4 d=1 l=6,10000000,1.8610,86.5,23.8
CSV,PHast-R S=10 L=2048 R=4 d=2 l=6.25,10000000,1.8542,136.5,23.9
CSV,PHast-R S=11 L=4096 R=4 d=1 l=6.75,10000000,1.8600,88.3,23.8
